-- CREAZIONE DELLE TABELLE --

drop table if exists Utente;
drop table if exists Indirizzo;
drop table if exists Carta;
drop table if exists Pagamento;
drop table if exists Azienda;
drop table if exists Categoria;
drop table if exists Prodotto;
drop table if exists Orario;
drop table if exists Corriere;
drop table if exists Ordine;
drop table if exists Recensione;
drop table if exists Ordinato;

create table Utente (
    ID          int             primary key,
    Nome        varchar(50)     not null,
    Cognome     varchar(50)     not null,
    Mail        varchar(60)     not null,
    Password    varchar(12)     not null,
    Telefono    varchar(20)     not null,
    Plus        bool            not null
);

create table Indirizzo(
    ID              int             primary key,
    Stato           varchar(2)      not null,
    CAP             varchar(5)      not null,
    Città           varchar(20)     not null,
    Via             varchar(30)     not null,
    Numero_Civico   varchar(10)     not null,
    Utente       int             not null,
    foreign key (Utente)         references Utente(ID) on update cascade on delete cascade

);

create table Carta (
    Numero          char(16)        primary key,
    Circuito        varchar(30)     not null,
    Intestatario    varchar(100)    not null,
    Scadenza        date            not null
);

create table Pagamento (
    Utente       int,
    Carta           char(16),
    primary key (Utente, Carta),
    foreign key (Utente)         references Utente(ID)       on update cascade on delete cascade,
    foreign key (Carta)             references Carta(Numero)    on update cascade on delete cascade
);

create table Azienda (
    Partita_IVA     varchar(15)     primary key,
    Nome            varchar(50)     not null,
    Mail            varchar(60)     not null,
    Telefono        varchar(20)     not null,
    Stato           varchar(2)      not null,
    CAP             varchar(5)      not null,
    Città           varchar(20)     not null,
    Via             varchar(30)     not null,
    Numero_Civico   varchar(10)     not null,
    Partner       bool            not null
);

create table Categoria (
    Nome            varchar(30)     primary key
);

create table Prodotto (
    ID                  int             primary key,
    Nome                varchar(50)     not null,
    Prezzo              decimal(8,2)    not null,
    Limited             boolean         not null,
    Azienda             varchar(15)     not null,
    Categoria           varchar(30)     not null,
    Recensione_media    decimal(2,1)    ,
    foreign key (Azienda)           references Azienda(Partita_IVA) on update cascade on delete cascade,
    foreign key (Categoria)         references Categoria(Nome) on update cascade on delete cascade
);

create table Orario (
    Azienda             varchar(15),
    Data                date,
    Orario_Aperta       time,
    Orario_Chiusa       time            not null,
    primary key (Azienda, Data, Orario_Aperta),
    foreign key (Azienda) references Azienda(Partita_IVA) on update cascade on delete cascade
);

create table Corriere (
    Codice_Fiscale      char(16)        primary key,
    Nome                varchar(50)     not null,
    Cognome             varchar(50)     not null,
    Mail                varchar(60)     not null,
    Telefono            varchar(20)     not null,
    IBAN                char(27)        not null,
    Dipendente          boolean         not null,
    Partita_IVA         varchar(15)     ,
    Stipendio           decimal(7,2)
);

create table Ordine (
    ID                  int             primary key,
    Utente              int             ,
    Carta               char(16)        ,
    Corriere            char(16)        not null,
    DataOraPagamento    timestamp       not null,
    DataArrivo          date            ,
    DataOraEffettiva    timestamp       ,
    Costo               decimal(6,2)    ,
    foreign key (Utente)                references Utente(ID) on update cascade on delete cascade,
    foreign key (Carta)                 references Carta(Numero) on update cascade on delete cascade,
    foreign key (Corriere)              references Corriere(Codice_Fiscale) on update cascade on delete cascade
);

create table Recensione (
    Ordine              int             not null,
    Prodotto            int             not null,
    Voto                int             not null,
    Testo               varchar(280),
    primary key (Ordine, Prodotto)      ,
    foreign key (Ordine)                references Ordine(ID)   on update cascade on delete cascade,
    foreign key (Prodotto)              references Prodotto(ID) on update cascade on delete cascade,
    check (
        Voto >= 0 and Voto <= 5
    )
);

create table Ordinato (
    Prodotto            int,
    Ordine              int,
    Quantità            int             not null,
    primary key (Prodotto, Ordine),
    foreign key (Prodotto)     references Prodotto(ID) on update cascade on delete cascade,
    foreign key (Ordine)                references Ordine(ID)            on update cascade on delete cascade
);

-- INSERIMENTO DATI --

insert into Utente (ID, Nome, Cognome, Mail, Password, Telefono, Plus) values
(1, 'Fredek', 'Croft', 'fcroft0@irs.gov', 'app7', '153-333-6756', true),
(2, 'Rhody', 'Courage', 'rcourage1@gmpg.org', 'qubnNH', '447-928-6882', false),
(3, 'Pedro', 'Chiommienti', 'pchiommienti2@shutterfly.com', 'uphp', '452-255-8421', false),
(4, 'Tonya', 'Ivett', 'tivett3@cargocollective.com', 'hlsm', '192-211-1156', false),
(5, 'Vina', 'De Ath', 'vdeath4@tinypic.com', 'vmsd1', '530-141-9443', true),
(6, 'Bil', 'Willetts', 'bwilletts5@fotki.com', 'hmxnSSIU', '116-523-9546', false),
(7, 'Valenka', 'Prior', 'vprior6@youtube.com', 'fclwNEFO&', '694-552-3695', true),
(8, 'Myrna', 'Seear', 'mseear7@redcross.org', 'tfegOGQK', '751-542-9525', false),
(9, 'Ruben', 'Rees', 'rrees8@networkadvertising.org', 'ewi6', '204-124-7515', true),
(10, 'Oby', 'Burril', 'oburril9@blinklist.com', 'ifnyFM', '487-758-9292', false),
(11, 'Lucius', 'Luthwood', 'lluthwooda@feedburner.com', 'xuprSA', '661-765-2978', false),
(12, 'Burgess', 'Treffrey', 'btreffreyb@biblegateway.com', 'kefbF', '924-849-3645', false),
(13, 'Pauli', 'Sturte', 'psturtec@phoca.cz', 'vkaw', '586-661-5698', false),
(14, 'Kerstin', 'Loxston', 'kloxstond@opensource.org', 'upoeSMJv', '727-222-1269', true),
(15, 'Kiah', 'Springer', 'kspringere@weebly.com', 'rzvp', '765-198-5592', false),
(16, 'Mick', 'Tytcomb', 'mtytcombf@cargocollective.com', 'cumwRPS', '612-955-2533', true),
(17, 'Sly', 'Daville', 'sdavilleg@trellian.com', 'emxz', '741-691-0703', false),
(18, 'Langsdon', 'Gligoraci', 'lgligoracih@about.me', 'hqw5', '333-377-5507', true),
(19, 'Bellanca', 'Kingsnod', 'bkingsnodi@oaic.gov.au', 'bal5', '756-416-8316', true),
(20, 'Nappy', 'Ragsdall', 'nragsdallj@cmu.edu', 'ulj4', '305-215-8346', true),
(21, 'Scotty', 'Weaben', 'sweabenk@typepad.com', 'bcadj', '280-876-9280', true),
(22, 'Karna', 'Benedito', 'kbeneditol@blogger.com', 'ekn4', '815-450-8155', true),
(23, 'Lorenzo', 'Teers', 'lteersm@mayoclinic.com', 'vkznCJFo', '233-961-9329', true),
(24, 'Zebadiah', 'Tamlett', 'ztamlettn@disqus.com', 'uiag', '643-304-4245', false),
(25, 'Valene', 'Spracklin', 'vspracklino@alibaba.com', 'xjl4', '521-759-3253', true),
(26, 'Allis', 'Jaulme', 'ajaulmep@delicious.com', 'neenHGYs', '829-391-1715', true),
(27, 'Sullivan', 'Backshell', 'sbackshellq@uol.com.br', 'uekpJ~', '179-625-3325', true),
(28, 'Keith', 'Rudland', 'krudlandr@comcast.net', 'flvfU', '660-740-2064', false),
(29, 'Berri', 'Bea', 'bbeas@pen.io', 'tesw', '994-595-2829', false),
(30, 'Norbie', 'Spileman', 'nspilemant@cyberchimps.com', 'enm9', '458-543-1576', true),
(31, 'Ulrick', 'Tarry', 'utarryu@multiply.com', 'oajoFFj', '716-742-0372', true),
(32, 'Leonelle', 'Gribbon', 'lgribbonv@over-blog.com', 'mujd@', '227-589-8741', true),
(33, 'Valera', 'Mapes', 'vmapesw@example.com', 'topgTHT', '554-191-5097', false),
(34, 'Junette', 'Muirden', 'jmuirdenx@squidoo.com', 'zep1', '352-634-8003', true),
(35, 'Teriann', 'Raw', 'trawy@dedecms.com', 'gdgxJE', '340-549-2783', true),
(36, 'Gisele', 'Mothersole', 'gmothersolez@ezinearticles.com', 'kscy', '635-770-7441', false),
(37, 'Josefina', 'Preshous', 'jpreshous10@wufoo.com', 'hoicPWN9', '581-495-7664', true),
(38, 'Adrea', 'Coffelt', 'acoffelt11@ow.ly', 'tftw', '206-304-9301', false),
(39, 'Glenna', 'Guilaem', 'gguilaem12@washington.edu', 'hrc3', '312-125-2012', true),
(40, 'Lock', 'Bielfelt', 'lbielfelt13@washington.edu', 'qgw1', '305-747-1213', true),
(41, 'Chester', 'Kielt', 'ckielt14@utexas.edu', 'zdqoOU', '842-198-3092', true),
(42, 'Ameline', 'Waskett', 'awaskett15@dailymail.co.uk', 'wocgCCM', '914-909-5782', false),
(43, 'Katha', 'Furber', 'kfurber16@berkeley.edu', 'zya8', '700-676-1620', true),
(44, 'Gale', 'Manjot', 'gmanjot17@4shared.com', 'qirnKF`', '727-252-3590', true),
(45, 'Dedra', 'Ambrogi', 'dambrogi18@hc360.com', 'lkgg', '356-919-8637', false),
(46, 'Hamlen', 'Barensen', 'hbarensen19@123-reg.co.uk', 'sja0', '199-317-2500', true),
(47, 'Benedicta', 'Bentinck', 'bbentinck1a@icio.us', 'dyi2', '937-367-4969', true),
(48, 'Terri-jo', 'Froom', 'tfroom1b@businesswire.com', 'djht', '269-618-5550', false),
(49, 'Lorne', 'Castiglioni', 'lcastiglioni1c@hexun.com', 'uaonI', '938-729-4609', false),
(50, 'Robinson', 'Kretchmer', 'rkretchmer1d@yellowbook.com', 'erl7', '100-462-2721', true),
(51, 'Nicki', 'Sexti', 'nsexti1e@dropbox.com', 'xly2', '151-644-7663', true),
(52, 'Amalle', 'Crosoer', 'acrosoer1f@go.com', 'eig4', '511-673-0918', true),
(53, 'Pattin', 'Malyj', 'pmalyj1g@dropbox.com', 'vfshZGJM', '333-921-3141', true),
(54, 'Elfreda', 'Kinnock', 'ekinnock1h@census.gov', 'ruuh', '743-822-6629', false),
(55, 'Moria', 'Dankersley', 'mdankersley1i@etsy.com', 'vufm', '484-709-8148', false),
(56, 'Martino', 'Flory', 'mflory1j@sciencedaily.com', 'uitdEXEX8', '353-830-9414', false),
(57, 'Rawley', 'Bamling', 'rbamling1k@go.com', 'nfe1', '373-892-7143', true),
(58, 'Millard', 'Hearson', 'mhearson1l@fotki.com', 'isopV', '266-903-7092', true),
(59, 'Carey', 'Deegan', 'cdeegan1m@disqus.com', 'nucdUKIS', '801-986-5508', false),
(60, 'Morse', 'Neenan', 'mneenan1n@statcounter.com', 'exzzA', '734-659-6495', false),
(61, 'Jillie', 'Phettiplace', 'jphettiplace1o@diigo.com', 'mera', '786-623-6890', false),
(62, 'Grier', 'Kirman', 'gkirman1p@nsw.gov.au', 'nph7', '705-939-2145', true),
(63, 'Giuditta', 'Sterndale', 'gsterndale1q@google.it', 'jov1', '999-443-3099', true),
(64, 'Nikolai', 'Martinat', 'nmartinat1r@hhs.gov', 'ghsmR5', '564-429-8658', true),
(65, 'Lucita', 'O''Dooghaine', 'lodooghaine1s@nba.com', 'nbn2', '571-957-2864', true),
(66, 'Crin', 'Cancellario', 'ccancellario1t@nhs.uk', 'fjmkUS+', '113-306-3609', true),
(67, 'Carlen', 'Cobelli', 'ccobelli1u@multiply.com', 'rjtt', '175-638-4114', false),
(68, 'Teodor', 'Loughran', 'tloughran1v@mozilla.org', 'zhv8', '951-882-6923', true),
(69, 'Avivah', 'Gillions', 'agillions1w@msn.com', 'owpgCV', '806-279-1264', false),
(70, 'Hernando', 'Golborn', 'hgolborn1x@technorati.com', 'hcg5', '485-165-3876', true),
(71, 'Wyndham', 'Moreno', 'wmoreno1y@live.com', 'dtnq', '839-744-9976', false),
(72, 'Wandie', 'Spondley', 'wspondley1z@hhs.gov', 'zfwk9', '178-443-9007', true),
(73, 'Carlota', 'Boyan', 'cboyan20@auda.org.au', 'fanxg', '873-996-0425', true),
(74, 'Luke', 'Bohea', 'lbohea21@rakuten.co.jp', 'iryyOSG', '284-745-1041', false),
(75, 'Kimmy', 'Saxton', 'ksaxton22@china.com.cn', 'uus2', '558-681-6164', true),
(76, 'Carleen', 'Cutford', 'ccutford23@symantec.com', 'kibbOXP.', '978-777-0589', true),
(77, 'Libbey', 'Pirkis', 'lpirkis24@friendfeed.com', 'qbb1', '134-224-3398', true),
(78, 'Edgardo', 'Swindall', 'eswindall25@ed.gov', 'jvr4', '410-858-8151', true),
(79, 'Mufinella', 'Turgoose', 'mturgoose26@newyorker.com', 'iory', '541-419-8429', false),
(80, 'Babita', 'Rasher', 'brasher27@pen.io', 'niji', '322-568-4271', false),
(81, 'Casey', 'Fulham', 'cfulham28@youtube.com', 'uala', '891-590-6174', false),
(82, 'Corri', 'Rathbone', 'crathbone29@blog.com', 'fderZNY', '267-792-2176', true),
(83, 'Neysa', 'Tivers', 'ntivers2a@hc360.com', 'wkdyN', '217-683-6112', false),
(84, 'Peggie', 'Grogona', 'pgrogona2b@reference.com', 'gwqkVO', '260-373-7712', true),
(85, 'Winnie', 'Overthrow', 'woverthrow2c@mlb.com', 'htux', '214-515-0349', false),
(86, 'Matthus', 'Filby', 'mfilby2d@feedburner.com', 'sunoUa', '409-668-9841', true),
(87, 'Claudell', 'Olenichev', 'colenichev2e@vimeo.com', 'sahy', '683-817-5369', false),
(88, 'Frederik', 'Cornford', 'fcornford2f@angelfire.com', 'bcgfX.', '777-958-4712', true),
(89, 'Oriana', 'Milton-White', 'omiltonwhite2g@mtv.com', 'hlr8', '218-395-5199', true),
(90, 'Cris', 'Marlin', 'cmarlin2h@abc.net.au', 'leovJD', '970-618-8314', false),
(91, 'Harmonia', 'McGrey', 'hmcgrey2i@angelfire.com', 'kfl9', '994-431-5380', true),
(92, 'Thelma', 'Twiddell', 'ttwiddell2j@prweb.com', 'zoo8', '176-502-6701', true),
(93, 'Dennison', 'McEntegart', 'dmcentegart2k@unicef.org', 'kamtTC', '931-826-6689', false),
(94, 'Fabe', 'Barnish', 'fbarnish2l@edublogs.org', 'bxvi', '646-739-9668', false),
(95, 'Germain', 'Bedham', 'gbedham2m@comsenz.com', 'nuy8', '369-306-8013', true),
(96, 'Darcy', 'Sollowaye', 'dsollowaye2n@imgur.com', 'inkj', '195-423-6748', false),
(97, 'Gaylor', 'Tonner', 'gtonner2o@ow.ly', 'wsqnK', '506-776-8832', false),
(98, 'Elianora', 'Waugh', 'ewaugh2p@cloudflare.com', 'yqc7', '869-996-0646', true),
(99, 'Brooke', 'Bister', 'bbister2q@miibeian.gov.cn', 'pguv', '385-426-2536', false),
(100, 'Gilbertine', 'Gemson', 'ggemson2r@kickstarter.com', 'jgou', '775-462-2231', false),
(101, 'Killy', 'Tomaszkiewicz', 'ktomaszkiewicz2s@amazon.com', 'iqw5', '596-938-1032', true),
(102, 'Etti', 'O'' Sullivan', 'eosullivan2t@narod.ru', 'vfhk', '488-621-4462', false),
(103, 'Coop', 'Thuillier', 'cthuillier2u@elpais.com', 'rmte', '773-292-0915', false),
(104, 'Latia', 'Kaine', 'lkaine2v@dyndns.org', 'zwu2', '543-479-2904', true),
(105, 'Rabbi', 'Perse', 'rperse2w@blinklist.com', 'vntkL', '381-634-4893', false),
(106, 'Seward', 'Balloch', 'sballoch2x@mayoclinic.com', 'tsxeDN$', '568-573-4404', true),
(107, 'Gracia', 'Nystrom', 'gnystrom2y@tripod.com', 'tugj', '756-790-4000', false),
(108, 'Zonnya', 'Bettleson', 'zbettleson2z@google.com.au', 'uqo9', '230-837-3775', true),
(109, 'Liesa', 'Brookesbie', 'lbrookesbie30@nyu.edu', 'fycyS', '339-396-9464', false),
(110, 'Elora', 'Spurryer', 'espurryer31@sina.com.cn', 'trdb', '957-120-9917', false),
(111, 'Toby', 'Bignold', 'tbignold32@prweb.com', 'eeug', '268-148-4303', false),
(112, 'Galvin', 'Spuffard', 'gspuffard33@liveinternet.ru', 'tmp4', '560-247-1170', true),
(113, 'Patrizia', 'Sparling', 'psparling34@google.co.uk', 'qzm0', '286-718-5473', true),
(114, 'Antone', 'Malley', 'amalley35@addthis.com', 'pmuq', '489-418-1765', false),
(115, 'Tom', 'Saint', 'tsaint36@yellowbook.com', 'yidr', '144-610-8386', false),
(116, 'Aymer', 'Letchford', 'aletchford37@hubpages.com', 'zbs3', '253-221-7210', true),
(117, 'Heywood', 'Welden', 'hwelden38@com.com', 'fkyx', '753-992-0503', false),
(118, 'Jocelyn', 'Oglesbee', 'joglesbee39@state.tx.us', 'nqpw', '955-595-8450', false),
(119, 'Millard', 'Reisk', 'mreisk3a@time.com', 'wlb9', '311-212-4763', true),
(120, 'Les', 'Nester', 'lnester3b@salon.com', 'vqi5', '765-527-3394', true),
(121, 'Immanuel', 'Charlot', 'icharlot3c@parallels.com', 'kehp', '889-489-3306', false),
(122, 'Terri', 'Bricksey', 'tbricksey3d@phpbb.com', 'qoq8', '897-865-2590', true),
(123, 'Dita', 'Hum', 'dhum3e@bandcamp.com', 'qhvzUS', '861-489-7458', false),
(124, 'Irvine', 'Kilvington', 'ikilvington3f@vistaprint.com', 'eun2', '384-312-3372', true),
(125, 'Addison', 'Bealing', 'abealing3g@wunderground.com', 'jgj0', '432-646-8927', true),
(126, 'Walker', 'Domenichini', 'wdomenichini3h@admin.ch', 'kdv4', '360-647-0068', true),
(127, 'Cora', 'Kilpatrick', 'ckilpatrick3i@google.com.br', 'uwqtYEp', '598-318-9154', true),
(128, 'Peter', 'Brett', 'pbrett3j@timesonline.co.uk', 'elujFU', '916-544-9313', true),
(129, 'Royal', 'Batcock', 'rbatcock3k@tmall.com', 'tns1', '727-158-3065', true),
(130, 'Meridith', 'Sarl', 'msarl3l@comcast.net', 'ytljX1', '196-838-6610', true),
(131, 'Jarvis', 'Hayball', 'jhayball3m@youtu.be', 'dtjtEVJL', '455-517-1539', true),
(132, 'Natividad', 'Pietroni', 'npietroni3n@zimbio.com', 'aydeWAZ(', '355-862-9300', true),
(133, 'Melli', 'Christoffe', 'mchristoffe3o@alexa.com', 'lbpt', '548-330-3721', false),
(134, 'Torrie', 'Medlen', 'tmedlen3p@sakura.ne.jp', 'lqzyUHQ', '895-604-9708', true),
(135, 'Rubin', 'Catcheside', 'rcatcheside3q@cyberchimps.com', 'yaxqDHMU', '211-420-1864', true),
(136, 'Codie', 'Pinck', 'cpinck3r@blog.com', 'uaf9', '803-418-4896', true),
(137, 'Rich', 'Heisler', 'rheisler3s@un.org', 'rhak', '550-757-4429', false),
(138, 'Fred', 'Moulsdale', 'fmoulsdale3t@youku.com', 'fsajSJ', '769-529-0777', false),
(139, 'Lavina', 'Alliban', 'lalliban3u@washington.edu', 'xnrg', '153-407-3816', false),
(140, 'See', 'Luggar', 'sluggar3v@twitpic.com', 'qos3', '377-981-7665', true),
(141, 'Shelden', 'Grigsby', 'sgrigsby3w@home.pl', 'tmbqCj', '446-708-1446', true),
(142, 'Emyle', 'Chicco', 'echicco3x@google.pl', 'yxqxIXNI', '166-305-3755', true),
(143, 'Tallou', 'Fayer', 'tfayer3y@gravatar.com', 'zaxe', '340-807-4849', false),
(144, 'Tamma', 'Percy', 'tpercy3z@smugmug.com', 'rwkb', '598-705-7065', false),
(145, 'Inger', 'Hoggan', 'ihoggan40@apple.com', 'pxfp(', '405-151-0718', true),
(146, 'Francoise', 'Splevins', 'fsplevins41@mozilla.org', 'erlqZNM', '915-907-7121', true),
(147, 'Nicolai', 'Dartan', 'ndartan42@netlog.com', 'updgCGy', '803-745-0227', true),
(148, 'Anjela', 'Thebeaud', 'athebeaud43@admin.ch', 'zqhtQLNA', '526-782-0784', false),
(149, 'Peta', 'Dimitrie', 'pdimitrie44@mail.ru', 'jienTE', '519-386-8696', false),
(150, 'Brantley', 'Castagna', 'bcastagna45@constantcontact.com', 'lfgtIUD', '284-344-1172', false),
(151, 'Dominik', 'Enochsson', 'denochsson46@bloglovin.com', 'xexcCSF', '887-974-8493', true),
(152, 'Lionello', 'Dennington', 'ldennington47@technorati.com', 'xxybIJVX', '910-433-8999', true),
(153, 'Ozzie', 'Fury', 'ofury48@dagondesign.com', 'fdte', '200-910-1112', false),
(154, 'Amata', 'Brims', 'abrims49@google.com.br', 'lggyGHq', '650-565-4373', true),
(155, 'Sybilla', 'Wrotham', 'swrotham4a@cisco.com', 'cuqfNT)', '634-726-5095', true),
(156, 'Pat', 'Lauchlan', 'plauchlan4b@gnu.org', 'kcs5', '772-714-4806', true),
(157, 'Wyn', 'Hambatch', 'whambatch4c@china.com.cn', 'mlrqx', '440-789-7574', true),
(158, 'Geordie', 'Sellors', 'gsellors4d@dion.ne.jp', 'nomc', '175-426-7530', false),
(159, 'Cathy', 'Ludee', 'cludee4e@engadget.com', 'tanmDGGV', '519-634-8027', true),
(160, 'Ernestine', 'Billyard', 'ebillyard4f@whitehouse.gov', 'dtqvGO1', '109-760-5628', true),
(161, 'Sande', 'Laroux', 'slaroux4g@gizmodo.com', 'szidRMEO', '637-452-6132', false),
(162, 'Harbert', 'Fenne', 'hfenne4h@indiegogo.com', 'wrax', '701-442-1598', false),
(163, 'Sherwynd', 'Lozano', 'slozano4i@blog.com', 'bpfe', '182-346-4379', false),
(164, 'Oby', 'Sparke', 'osparke4j@tamu.edu', 'fud9', '324-672-8971', true),
(165, 'Avrom', 'Swanston', 'aswanston4k@wordpress.org', 'iiui', '368-209-8205', false),
(166, 'Hanson', 'Smallman', 'hsmallman4l@tamu.edu', 'nol0', '376-772-0952', true),
(167, 'Janine', 'Lavies', 'jlavies4m@theglobeandmail.com', 'gep1', '742-703-0980', true),
(168, 'Kristan', 'Kinnon', 'kkinnon4n@storify.com', 'dfvgXSJF', '660-273-7308', false),
(169, 'Phillipp', 'Ruseworth', 'pruseworth4o@ezinearticles.com', 'fayzj', '444-873-7795', true),
(170, 'Danita', 'Bevis', 'dbevis4p@printfriendly.com', 'qarn', '139-375-0851', false),
(171, 'Sheff', 'Bourgour', 'sbourgour4q@e-recht24.de', 'vyrjEUl', '102-525-9769', true),
(172, 'Franzen', 'Sexten', 'fsexten4r@stumbleupon.com', 'tgzm', '383-736-7623', false),
(173, 'Lizabeth', 'Littlejohn', 'llittlejohn4s@dagondesign.com', 'rmj1', '238-423-1695', true),
(174, 'Alyssa', 'Blackesland', 'ablackesland4t@4shared.com', 'ktds', '525-233-2981', false),
(175, 'Stanfield', 'Hawkin', 'shawkin4u@time.com', 'fpbqKGW', '402-908-9585', false),
(176, 'Robby', 'Trownson', 'rtrownson4v@bravesites.com', 'igpzDL', '693-921-7533', false),
(177, 'Jessee', 'Figger', 'jfigger4w@mapquest.com', 'cjcm', '892-270-6786', false),
(178, 'Dido', 'Windram', 'dwindram4x@hostgator.com', 'lcfsUEV2', '494-257-2073', true),
(179, 'Dennie', 'Losemann', 'dlosemann4y@prweb.com', 'ebgrGHw', '243-869-9223', true),
(180, 'Norina', 'MacCheyne', 'nmaccheyne4z@dell.com', 'omojYG', '898-918-6274', false),
(181, 'Grant', 'Playfoot', 'gplayfoot50@sourceforge.net', 'quqeV', '172-379-1117', false),
(182, 'Natividad', 'Studdard', 'nstuddard51@google.com.au', 'tdag', '819-742-2750', false),
(183, 'Amelita', 'Saladino', 'asaladino52@yale.edu', 'bzhbTC', '890-573-6205', false),
(184, 'Egor', 'Carlile', 'ecarlile53@bravesites.com', 'mmwtBM', '569-826-9331', false),
(185, 'Nani', 'Moralis', 'nmoralis54@gizmodo.com', 'opp7', '184-582-1441', true),
(186, 'Tris', 'Filasov', 'tfilasov55@ucoz.com', 'cell', '409-460-3515', false),
(187, 'Coralyn', 'Knellen', 'cknellen56@dmoz.org', 'vbkhPGF', '325-259-1884', false),
(188, 'Stanford', 'Grimston', 'sgrimston57@census.gov', 'kbey', '535-564-7061', false),
(189, 'Randal', 'Barensen', 'rbarensen58@goo.ne.jp', 'abs4', '736-566-3494', true),
(190, 'Ileane', 'Satch', 'isatch59@ocn.ne.jp', 'dgbzSZL', '714-177-2899', true),
(191, 'Joachim', 'Baudins', 'jbaudins5a@ifeng.com', 'qgckJIH', '510-422-4035', false),
(192, 'Timofei', 'Tole', 'ttole5b@newsvine.com', 'ayn2', '776-825-2343', true),
(193, 'Wat', 'Chave', 'wchave5c@simplemachines.org', 'bti4', '654-285-2911', true),
(194, 'Ania', 'Bines', 'abines5d@tumblr.com', 'fnq7', '878-565-7914', true),
(195, 'Erich', 'Gregoretti', 'egregoretti5e@springer.com', 'dxdj6', '544-523-0149', true),
(196, 'Sergei', 'Sill', 'ssill5f@etsy.com', 'gqblRGGM', '529-237-5149', false),
(197, 'Tallie', 'Tsar', 'ttsar5g@spiegel.de', 'bntuPu', '895-264-8832', true),
(198, 'Nicolea', 'Bew', 'nbew5h@epa.gov', 'vkzfPAP9', '701-550-6130', true),
(199, 'Griff', 'Stebles', 'gstebles5i@usnews.com', 'snjhNM?', '955-731-3763', true),
(200, 'Nalani', 'Wybrow', 'nwybrow5j@va.gov', 'rnwiD', '121-786-7650', false),
(201, 'Stearn', 'Dash', 'sdash5k@blog.com', 'sdtlP', '376-840-7265', false),
(202, 'Ricard', 'Marney', 'rmarney5l@twitpic.com', 'cio9', '547-623-2665', true),
(203, 'Friederike', 'Rosebotham', 'frosebotham5m@berkeley.edu', 'mshdRIRO', '117-817-5736', false),
(204, 'Graehme', 'Ramsier', 'gramsier5n@baidu.com', 'zxqvQIZK', '864-623-8385', false),
(205, 'Melli', 'Metrick', 'mmetrick5o@4shared.com', 'tzqsST', '488-240-7298', false),
(206, 'Noah', 'Gatherell', 'ngatherell5p@aboutads.info', 'hll9', '545-173-0349', true),
(207, 'Jethro', 'Sayse', 'jsayse5q@bbb.org', 'xrsd`', '143-927-8479', true),
(208, 'Vinnie', 'Jakoubek', 'vjakoubek5r@blinklist.com', 'scxwCEB', '697-584-4066', true),
(209, 'Myrvyn', 'Boucher', 'mboucher5s@cornell.edu', 'glooJDa', '538-115-7085', true),
(210, 'Editha', 'Matchett', 'ematchett5t@seesaa.net', 'nljtIZSt', '697-488-0730', true),
(211, 'Arabelle', 'Maffulli', 'amaffulli5u@nbcnews.com', 'vbooD', '592-646-8267', false),
(212, 'Zia', 'Tull', 'ztull5v@google.es', 'vxx7', '912-650-3042', true),
(213, 'Florry', 'Gidley', 'fgidley5w@unicef.org', 'oeaaLYDo', '929-233-6858', true),
(214, 'Devora', 'Dumelow', 'ddumelow5x@moonfruit.com', 'hafm}', '232-799-0242', true),
(215, 'Candace', 'Baswall', 'cbaswall5y@businessweek.com', 'kvp8', '265-780-3106', true),
(216, 'Sandy', 'Noods', 'snoods5z@prweb.com', 'yyml', '803-705-4806', false),
(217, 'Millicent', 'Sanchis', 'msanchis60@free.fr', 'xrnz', '507-591-7378', false),
(218, 'Clifford', 'Redd', 'credd61@hud.gov', 'dnk3', '937-123-1774', true),
(219, 'Cyndie', 'Haynes', 'chaynes62@acquirethisname.com', 'awivMDV1', '416-248-5599', true),
(220, 'Artemus', 'Hessing', 'ahessing63@kickstarter.com', 'beg0', '446-470-6781', true),
(221, 'Frazier', 'Matschke', 'fmatschke64@storify.com', 'rlvl', '934-931-3228', false),
(222, 'Roy', 'Varfalameev', 'rvarfalameev65@google.pl', 'kwkv}', '256-593-1021', true),
(223, 'Emlyn', 'Freiburger', 'efreiburger66@nps.gov', 'vuvoO', '929-401-3005', false),
(224, 'Ted', 'Greguoli', 'tgreguoli67@free.fr', 'fnveQPA(', '137-856-6423', true),
(225, 'Homere', 'Kington', 'hkington68@symantec.com', 'zndvQMRO', '745-182-3135', true),
(226, 'Kacy', 'Tubbs', 'ktubbs69@seesaa.net', 'ezfyCLU&', '928-786-9330', true),
(227, 'Tamas', 'Beushaw', 'tbeushaw6a@hibu.com', 'bpugETD', '248-277-8353', false),
(228, 'Bendicty', 'Bernholt', 'bbernholt6b@domainmarket.com', 'lmy3', '859-915-1532', true),
(229, 'Tamera', 'Mangam', 'tmangam6c@cbsnews.com', 'qpnz', '152-427-7291', false),
(230, 'Murial', 'Polden', 'mpolden6d@google.pl', 'yrpuVI', '129-479-0744', false),
(231, 'Ade', 'Culross', 'aculross6e@upenn.edu', 'fslm', '891-244-1344', false),
(232, 'Robby', 'Maiden', 'rmaiden6f@patch.com', 'iwji', '869-181-0854', false),
(233, 'Sibeal', 'Udden', 'sudden6g@sogou.com', 'gfegSBE}', '894-810-3272', true),
(234, 'Earvin', 'MacGauhy', 'emacgauhy6h@bbc.co.uk', 'tvf9', '294-103-5140', true),
(235, 'Cris', 'Fowlston', 'cfowlston6i@ehow.com', 'lkapOw', '994-527-1576', true),
(236, 'Phaedra', 'Screase', 'pscrease6j@eepurl.com', 'qvti', '195-809-9756', false),
(237, 'Michel', 'Alman', 'malman6k@ezinearticles.com', 'hnmdB', '592-737-7393', true),
(238, 'Willamina', 'Milroy', 'wmilroy6l@privacy.gov.au', 'mnrkSFA)', '872-222-4382', true),
(239, 'Tiebold', 'Insull', 'tinsull6m@lycos.com', 'vvy2', '241-948-5136', true),
(240, 'Ulick', 'Byforth', 'ubyforth6n@pagesperso-orange.fr', 'cqc8', '262-472-3218', true),
(241, 'Aubry', 'Berrick', 'aberrick6o@edublogs.org', 'ywqmJEN', '836-967-6551', true),
(242, 'Dick', 'Goldsack', 'dgoldsack6p@vimeo.com', 'dzypTEZ', '296-129-0463', false),
(243, 'Barbra', 'Rubra', 'brubra6q@ihg.com', 'nuvyXXDQ', '597-144-7802', false),
(244, 'Nevil', 'Craster', 'ncraster6r@webnode.com', 'mlemOKUD', '632-621-1685', false),
(245, 'Sibyl', 'Bampkin', 'sbampkin6s@storify.com', 'ulboJAz', '324-107-0815', true),
(246, 'Frannie', 'Cook', 'fcook6t@pbs.org', 'xdepBR9', '271-751-2353', true),
(247, 'Lindsey', 'Gazzard', 'lgazzard6u@statcounter.com', 'yianECM3', '774-826-8736', true),
(248, 'Arlette', 'Ferryman', 'aferryman6v@symantec.com', 'nogv"', '749-101-9220', true),
(249, 'Erhard', 'Whittick', 'ewhittick6w@baidu.com', 'murdS', '724-217-6082', false),
(250, 'Kay', 'Parken', 'kparken6x@tumblr.com', 'vvngDSY', '162-196-0631', true),
(251, 'Gardiner', 'Brimble', 'gbrimble6y@weebly.com', 'szhgM', '739-482-7021', false),
(252, 'Kalinda', 'Utridge', 'kutridge6z@vkontakte.ru', 'lvkfXLQe', '166-747-6600', true),
(253, 'Shalne', 'O''Looney', 'solooney70@utexas.edu', 'fhj3', '581-587-2991', true),
(254, 'Claudianus', 'Ranby', 'cranby71@furl.net', 'ybpiNVB', '206-277-0444', true),
(255, 'Elroy', 'Waiton', 'ewaiton72@youku.com', 'bmlq', '907-802-4120', false),
(256, 'Hayden', 'Lofting', 'hlofting73@yelp.com', 'deai', '619-470-5402', false),
(257, 'Donelle', 'Duggon', 'dduggon74@abc.net.au', 'cdgbQJ_', '261-763-8151', true),
(258, 'Kordula', 'Langworthy', 'klangworthy75@newyorker.com', 'qdubN$', '527-372-0017', true),
(259, 'Sherri', 'Brunelleschi', 'sbrunelleschi76@themeforest.net', 'ieab', '824-381-7410', false),
(260, 'Rona', 'Strowther', 'rstrowther77@goo.gl', 'wlyo*', '893-717-6002', true),
(261, 'Delphinia', 'O''Daly', 'dodaly78@shop-pro.jp', 'ycol', '319-199-7168', false),
(262, 'Hillard', 'Dilnot', 'hdilnot79@free.fr', 'lrj9', '508-968-1259', true),
(263, 'Gino', 'Brogini', 'gbrogini7a@godaddy.com', 'afkxTPE', '114-683-0943', false),
(264, 'Eolanda', 'Heckle', 'eheckle7b@macromedia.com', 'gdiqULPX', '997-981-1766', true),
(265, 'Correy', 'Sprulls', 'csprulls7c@time.com', 'blnwO', '605-282-4023', false),
(266, 'Sisile', 'Roggero', 'sroggero7d@aol.com', 'bsi5', '368-474-3684', true),
(267, 'Kippy', 'Kirsopp', 'kkirsopp7e@networksolutions.com', 'vjmqUMK', '102-151-5897', false),
(268, 'Erminie', 'Coatman', 'ecoatman7f@mapquest.com', 'dqoe', '670-677-9828', false),
(269, 'Ignazio', 'Janning', 'ijanning7g@craigslist.org', 'slsmXBE', '938-479-7093', false),
(270, 'Scotti', 'Norway', 'snorway7h@angelfire.com', 'zapsYX', '474-330-6947', true),
(271, 'Correna', 'Walsh', 'cwalsh7i@unblog.fr', 'kgqeJS', '947-670-5577', false),
(272, 'Benton', 'Yeabsley', 'byeabsley7j@vk.com', 'jdaiS', '635-489-0202', false),
(273, 'Valma', 'Marsland', 'vmarsland7k@altervista.org', 'xygo', '745-715-4641', false),
(274, 'Holmes', 'Curme', 'hcurme7l@google.ca', 'wle4', '868-329-3205', true),
(275, 'Harold', 'Maybury', 'hmaybury7m@google.cn', 'qlbi', '616-211-7472', false),
(276, 'Maurizia', 'Knewstubb', 'mknewstubb7n@bigcartel.com', 'dle7', '886-701-8402', true),
(277, 'Jaquith', 'Gounod', 'jgounod7o@wordpress.com', 'taqz', '559-871-2121', false),
(278, 'Radcliffe', 'Farnaby', 'rfarnaby7p@illinois.edu', 'slxj', '603-115-0078', false),
(279, 'Damon', 'Coyett', 'dcoyett7q@spiegel.de', 'epla', '688-256-6083', false),
(280, 'Jermaine', 'Schottli', 'jschottli7r@mysql.com', 'awc4', '839-458-8450', true),
(281, 'Lucho', 'Tirrell', 'ltirrell7s@purevolume.com', 'uvpi', '750-645-3593', false),
(282, 'Neill', 'Padley', 'npadley7t@noaa.gov', 'ixg2', '649-574-6493', true),
(283, 'Alley', 'Magor', 'amagor7u@google.com.au', 'yyrfN', '482-481-0252', false),
(284, 'Murvyn', 'Livingstone', 'mlivingstone7v@huffingtonpost.com', 'xhkwJYO', '648-310-2048', false),
(285, 'Natividad', 'Sleight', 'nsleight7w@hud.gov', 'vto7', '363-878-7448', true),
(286, 'Darcy', 'Wickie', 'dwickie7x@free.fr', 'hpuw', '993-803-4006', false),
(287, 'My', 'Anthona', 'manthona7y@nydailynews.com', 'zna5', '310-447-1058', true),
(288, 'Brigitte', 'Nunan', 'bnunan7z@nhs.uk', 'zct3', '511-243-7892', true),
(289, 'Burch', 'Morteo', 'bmorteo80@t-online.de', 'uwhg', '615-440-5361', false),
(290, 'Dolf', 'Scola', 'dscola81@creativecommons.org', 'laslN', '336-410-6682', false),
(291, 'Beverie', 'Emanuelov', 'bemanuelov82@irs.gov', 'fbfgy', '554-655-4360', true),
(292, 'Dodie', 'Ipsley', 'dipsley83@jigsy.com', 'avl6', '875-902-2634', true),
(293, 'Andris', 'Raubenheimer', 'araubenheimer84@nationalgeographic.com', 'mvxhVKRx', '323-653-5899', true),
(294, 'Delinda', 'Facer', 'dfacer85@army.mil', 'rsgbp', '914-292-1041', true),
(295, 'Krista', 'Shailer', 'kshailer86@skyrock.com', 'ikxsMJT', '919-406-7004', true),
(296, 'Britni', 'Pinsent', 'bpinsent87@cdc.gov', 'rdtdREOP', '802-172-0120', false),
(297, 'Wittie', 'Maulin', 'wmaulin88@phpbb.com', 'czww', '597-929-5857', false),
(298, 'Trudy', 'Townley', 'ttownley89@wikipedia.org', 'gwem', '140-701-0427', false),
(299, 'Nicol', 'Yokelman', 'nyokelman8a@vimeo.com', 'ptqyTKTZ', '112-335-6146', false),
(300, 'Nataline', 'Millwall', 'nmillwall8b@archive.org', 'zvd6', '604-700-0367', true);

insert into Indirizzo (ID, Stato, CAP, Città, Via, Numero_Civico, Utente) values
(1, 'IT', '50136', 'Firenze', 'Sunfield', '574', 1),
(2, 'IT', '98168', 'Messina', 'Comanche', '1', 2),
(3, 'IT', '84124', 'Salerno', 'Springs', '9820', 3),
(4, 'IT', '89129', 'Reggio Calabria', 'Homewood', '0', 4),
(5, 'IT', '20125', 'Milano', 'Melvin', '64', 5),
(6, 'IT', '10141', 'Torino', 'Morningstar', '7422', 6),
(7, 'IT', '65129', 'Pescara', 'Northport', '194', 7),
(8, 'IT', '60129', 'Ancona', 'Pond', '8', 8),
(9, 'IT', '20125', 'Milano', 'Birchwood', '4881', 9),
(10, 'IT', '98168', 'Messina', 'Portage', '99993', 10),
(11, 'IT', '09124', 'Cagliari', 'Shoshone', '981', 11),
(12, 'IT', '19125', 'Laspezia', 'Debs', '22030', 12),
(13, 'IT', '84124', 'Salerno', 'Park Meadow', '844', 13),
(14, 'IT', '16124', 'Genova', 'Lakewood Gardens', '06054', 14),
(15, 'IT', '24129', 'Bergamo', 'Aberg', '2113', 15),
(16, 'IT', '16146', 'Genova', 'Tony', '30564', 16),
(17, 'IT', '25129', 'Brescia', 'Toban', '8156', 17),
(18, 'IT', '10141', 'Torino', 'Oak Valley', '45', 18),
(19, 'IT', '35141', 'Padova', 'Union', '2286', 19),
(20, 'IT', '90129', 'Palermo', 'Montana', '9', 20),
(21, 'IT', '00152', 'Roma', 'Spenser', '5928', 21),
(22, 'IT', '19139', 'Laspezia', 'Elka', '983', 22),
(23, 'IT', '00128', 'Roma', 'Stephen', '319', 23),
(24, 'IT', '40141', 'Bologna', 'Bay', '2414', 24),
(25, 'IT', '16135', 'Genova', 'Harper', '2', 25),
(26, 'IT', '40128', 'Bologna', 'Hanover', '274', 26),
(27, 'IT', '98146', 'Messina', 'Sage', '60797', 27),
(28, 'IT', '20136', 'Milano', 'Eagan', '62', 28),
(29, 'IT', '37129', 'Verona', 'Granby', '6866', 29),
(30, 'IT', '84124', 'Salerno', 'Bartillon', '60983', 30),
(31, 'IT', '34129', 'Trieste', 'Dovetail', '0476', 31),
(32, 'IT', '57124', 'Livorno', 'Hanson', '30', 32),
(33, 'IT', '89129', 'Reggio Calabria', 'Hollow Ridge', '8', 33),
(34, 'IT', '00163', 'Roma', 'Talmadge', '971', 34),
(35, 'IT', '98124', 'Messina', 'Morrow', '556', 35),
(36, 'IT', '10141', 'Torino', 'Northport', '061', 36),
(37, 'IT', '24129', 'Bergamo', 'Eliot', '2857', 37),
(38, 'IT', '84135', 'Salerno', 'Cottonwood', '6', 38),
(39, 'IT', '98146', 'Messina', 'Scott', '5665', 39),
(40, 'IT', '98124', 'Messina', 'Maple', '7752', 40),
(41, 'IT', '00163', 'Roma', 'Prentice', '3', 41),
(42, 'IT', '90129', 'Palermo', 'Corry', '586', 42),
(43, 'IT', '90129', 'Palermo', 'Esker', '20', 43),
(44, 'IT', '16146', 'Genova', 'Monument', '9', 44),
(45, 'IT', '19139', 'Laspezia', 'Hintze', '9847', 45),
(46, 'IT', '34141', 'Trieste', 'Bunker Hill', '5', 46),
(47, 'IT', '98124', 'Messina', 'Hoard', '5', 47),
(48, 'IT', '35141', 'Padova', 'Mosinee', '9', 48),
(49, 'IT', '10129', 'Torino', 'Oneill', '905', 49),
(50, 'IT', '00128', 'Roma', 'Oxford', '289', 50),
(51, 'IT', '00185', 'Roma', 'Morning', '38485', 51),
(52, 'IT', '84124', 'Salerno', 'Farmco', '7', 52),
(53, 'IT', '89129', 'Reggio Calabria', 'Maywood', '954', 53),
(54, 'IT', '89129', 'Reggio Calabria', 'Truax', '2', 54),
(55, 'IT', '98168', 'Messina', 'Longview', '6', 55),
(56, 'IT', '84124', 'Salerno', 'Morning', '5070', 56),
(57, 'IT', '19125', 'Laspezia', 'Upham', '97', 57),
(58, 'IT', '00141', 'Roma', 'Reindahl', '39', 58),
(59, 'IT', '09124', 'Cagliari', 'Linden', '4', 59),
(60, 'IT', '19125', 'Laspezia', 'Rieder', '5926', 60),
(61, 'IT', '50124', 'Firenze', 'Fieldstone', '92', 61),
(62, 'IT', '19125', 'Laspezia', 'Lighthouse Bay', '7', 62),
(63, 'IT', '00185', 'Roma', 'Donald', '884', 63),
(64, 'IT', '10129', 'Torino', 'Merrick', '0437', 64),
(65, 'IT', '98157', 'Messina', 'Anthes', '133', 65),
(66, 'IT', '50136', 'Firenze', 'South', '434', 66),
(67, 'IT', '00185', 'Roma', 'Declaration', '3588', 67),
(68, 'IT', '40128', 'Bologna', 'Hauk', '177', 68),
(69, 'IT', '19125', 'Laspezia', 'Kings', '229', 69),
(70, 'IT', '00174', 'Roma', 'Beilfuss', '28074', 70),
(71, 'IT', '00128', 'Roma', 'Gulseth', '88', 71),
(72, 'IT', '00185', 'Roma', 'Knutson', '47929', 72),
(73, 'IT', '65129', 'Pescara', 'Forest Dale', '916', 73),
(74, 'IT', '00163', 'Roma', 'Shopko', '3', 74),
(75, 'IT', '34129', 'Trieste', 'Lien', '80', 75),
(76, 'IT', '34129', 'Trieste', 'Ryan', '23', 76),
(77, 'IT', '80129', 'Napoli', 'Clarendon', '5969', 77),
(78, 'IT', '34141', 'Trieste', 'Sunbrook', '994', 78),
(79, 'IT', '90141', 'Palermo', 'Marcy', '0', 79),
(80, 'IT', '00196', 'Roma', 'Dawn', '89001', 80),
(81, 'IT', '24129', 'Bergamo', 'Memorial', '5777', 81),
(82, 'IT', '16146', 'Genova', 'Dahle', '69', 82),
(83, 'IT', '98124', 'Messina', 'Blue Bill Park', '871', 83),
(84, 'IT', '80129', 'Napoli', 'Debra', '19166', 84),
(85, 'IT', '35141', 'Padova', 'Norway Maple', '47', 85),
(86, 'IT', '10141', 'Torino', 'Fairfield', '7', 86),
(87, 'IT', '98146', 'Messina', 'Donald', '6240', 87),
(88, 'IT', '20147', 'Milano', 'Amoth', '00149', 88),
(89, 'IT', '90141', 'Palermo', 'Hagan', '78', 89),
(90, 'IT', '37142', 'Verona', 'Farwell', '88', 90),
(91, 'IT', '00141', 'Roma', 'Golf View', '4', 91),
(92, 'IT', '00128', 'Roma', 'Iowa', '8392', 92),
(93, 'IT', '20158', 'Milano', 'Kensington', '0005', 93),
(94, 'IT', '06124', 'Perugia', 'Fairfield', '3770', 94),
(95, 'IT', '10129', 'Torino', 'East', '6', 95),
(96, 'IT', '35129', 'Padova', 'Surrey', '525', 96),
(97, 'IT', '20147', 'Milano', 'Ilene', '39', 97),
(98, 'IT', '20147', 'Milano', 'Quincy', '56', 98),
(99, 'IT', '89129', 'Reggio Calabria', 'Corben', '5067', 99),
(100, 'IT', '98124', 'Messina', 'Thompson', '1199', 100),
(101, 'IT', '20136', 'Milano', 'Barby', '756', 101),
(102, 'IT', '00163', 'Roma', 'Del Mar', '622', 102),
(103, 'IT', '20147', 'Milano', 'Arizona', '83', 103),
(104, 'IT', '95123', 'Catania', 'Dennis', '085', 104),
(105, 'IT', '50124', 'Firenze', 'Schurz', '5', 105),
(106, 'IT', '00152', 'Roma', 'Eliot', '0', 106),
(107, 'IT', '98146', 'Messina', 'Tomscot', '0185', 107),
(108, 'IT', '00185', 'Roma', 'Straubel', '7064', 108),
(109, 'IT', '95123', 'Catania', 'Corry', '3', 109),
(110, 'IT', '20136', 'Milano', 'Leroy', '0054', 110),
(111, 'IT', '65129', 'Pescara', 'Park Meadow', '4', 111),
(112, 'IT', '80129', 'Napoli', 'Portage', '66', 112),
(113, 'IT', '98135', 'Messina', 'Eagan', '70962', 113),
(114, 'IT', '00174', 'Roma', 'Del Mar', '3333', 114),
(115, 'IT', '50124', 'Firenze', 'Hollow Ridge', '3795', 115),
(116, 'IT', '80129', 'Napoli', 'Homewood', '5984', 116),
(117, 'IT', '20125', 'Milano', 'Anderson', '04', 117),
(118, 'IT', '00163', 'Roma', 'Mesta', '02', 118),
(119, 'IT', '60129', 'Ancona', 'Melvin', '33', 119),
(120, 'IT', '00152', 'Roma', 'Bay', '209', 120),
(121, 'IT', '24129', 'Bergamo', 'Brickson Park', '5', 121),
(122, 'IT', '98146', 'Messina', 'Forster', '8387', 122),
(123, 'IT', '98168', 'Messina', 'School', '22682', 123),
(124, 'IT', '90129', 'Palermo', 'Bowman', '493', 124),
(125, 'IT', '19125', 'Laspezia', 'Dwight', '0602', 125),
(126, 'IT', '00128', 'Roma', 'Golf Course', '651', 126),
(127, 'IT', '09124', 'Cagliari', 'Reinke', '0', 127),
(128, 'IT', '37142', 'Verona', 'Lindbergh', '75812', 128),
(129, 'IT', '34129', 'Trieste', 'Drewry', '288', 129),
(130, 'IT', '40141', 'Bologna', 'Bashford', '342', 130),
(131, 'IT', '00163', 'Roma', '5th', '077', 131),
(132, 'IT', '00141', 'Roma', 'Canary', '80', 132),
(133, 'IT', '84135', 'Salerno', 'Brickson Park', '49046', 133),
(134, 'IT', '80141', 'Napoli', 'Sugar', '003', 134),
(135, 'IT', '00185', 'Roma', 'Welch', '8121', 135),
(136, 'IT', '80141', 'Napoli', 'Longview', '2294', 136),
(137, 'IT', '35129', 'Padova', 'Boyd', '9374', 137),
(138, 'IT', '24129', 'Bergamo', 'Waywood', '660', 138),
(139, 'IT', '35141', 'Padova', 'Doe Crossing', '9554', 139),
(140, 'IT', '00163', 'Roma', 'Bobwhite', '66031', 140),
(141, 'IT', '16157', 'Genova', 'Dakota', '182', 141),
(142, 'IT', '10141', 'Torino', 'Larry', '7200', 142),
(143, 'IT', '65129', 'Pescara', 'Marcy', '35', 143),
(144, 'IT', '90129', 'Palermo', 'Susan', '74', 144),
(145, 'IT', '00196', 'Roma', 'Shelley', '237', 145),
(146, 'IT', '84124', 'Salerno', 'Ludington', '21017', 146),
(147, 'IT', '00128', 'Roma', 'Warbler', '15529', 147),
(148, 'IT', '20147', 'Milano', 'Eastlawn', '92', 148),
(149, 'IT', '50136', 'Firenze', 'Lunder', '1053', 149),
(150, 'IT', '60129', 'Ancona', 'Hoard', '836', 150),
(151, 'IT', '98168', 'Messina', 'Tennyson', '93', 151),
(152, 'IT', '89129', 'Reggio Calabria', 'Sugar', '466', 152),
(153, 'IT', '16157', 'Genova', 'Hintze', '53100', 153),
(154, 'IT', '00163', 'Roma', 'Rutledge', '73', 154),
(155, 'IT', '65129', 'Pescara', 'Shasta', '56317', 155),
(156, 'IT', '50124', 'Firenze', 'Nevada', '4', 156),
(157, 'IT', '00141', 'Roma', 'Anzinger', '0664', 157),
(158, 'IT', '98146', 'Messina', 'Tennyson', '998', 158),
(159, 'IT', '00196', 'Roma', 'Sommers', '5584', 159),
(160, 'IT', '37142', 'Verona', 'Waubesa', '86362', 160),
(161, 'IT', '16124', 'Genova', 'Mosinee', '03', 161),
(162, 'IT', '00196', 'Roma', 'Granby', '31090', 162),
(163, 'IT', '16124', 'Genova', 'Logan', '58', 163),
(164, 'IT', '37142', 'Verona', 'Fremont', '2', 164),
(165, 'IT', '10129', 'Torino', 'Warrior', '84', 165),
(166, 'IT', '57124', 'Livorno', 'Hayes', '42716', 166),
(167, 'IT', '84124', 'Salerno', 'Maple', '58', 167),
(168, 'IT', '98168', 'Messina', 'Barby', '73875', 168),
(169, 'IT', '16135', 'Genova', 'Boyd', '14', 169),
(170, 'IT', '16124', 'Genova', 'Jenifer', '5818', 170),
(171, 'IT', '80129', 'Napoli', 'Calypso', '0', 171),
(172, 'IT', '19125', 'Laspezia', 'Rusk', '4', 172),
(173, 'IT', '65129', 'Pescara', 'Messerschmidt', '020', 173),
(174, 'IT', '37142', 'Verona', 'Stuart', '6', 174),
(175, 'IT', '06124', 'Perugia', 'Evergreen', '0404', 175),
(176, 'IT', '00152', 'Roma', 'Debs', '920', 176),
(177, 'IT', '35141', 'Padova', 'Linden', '50622', 177),
(178, 'IT', '57124', 'Livorno', '8th', '78977', 178),
(179, 'IT', '90129', 'Palermo', 'Scoville', '6644', 179),
(180, 'IT', '57124', 'Livorno', 'Carey', '18918', 180),
(181, 'IT', '00141', 'Roma', 'Badeau', '82516', 181),
(182, 'IT', '20136', 'Milano', 'Sunbrook', '24', 182),
(183, 'IT', '19139', 'Laspezia', 'Caliangt', '010', 183),
(184, 'IT', '19139', 'Laspezia', 'Sutherland', '4', 184),
(185, 'IT', '00163', 'Roma', 'Bellgrove', '9996', 185),
(186, 'IT', '34141', 'Trieste', 'Huxley', '58', 186),
(187, 'IT', '50136', 'Firenze', 'Novick', '43', 187),
(188, 'IT', '40141', 'Bologna', 'Blaine', '974', 188),
(189, 'IT', '10129', 'Torino', 'Stephen', '24', 189),
(190, 'IT', '98157', 'Messina', 'Onsgard', '442', 190),
(191, 'IT', '98157', 'Messina', 'Bellgrove', '691', 191),
(192, 'IT', '98146', 'Messina', 'Blackbird', '31', 192),
(193, 'IT', '20125', 'Milano', 'Bobwhite', '52', 193),
(194, 'IT', '00163', 'Roma', 'Bashford', '57593', 194),
(195, 'IT', '10152', 'Torino', 'Katie', '6059', 195),
(196, 'IT', '98124', 'Messina', 'Mayer', '0', 196),
(197, 'IT', '90141', 'Palermo', 'Banding', '60', 197),
(198, 'IT', '00152', 'Roma', 'Butterfield', '4539', 198),
(199, 'IT', '20158', 'Milano', 'Oxford', '59260', 199),
(200, 'IT', '10141', 'Torino', 'Ridge Oak', '186', 200),
(201, 'IT', '29010', 'Villanova', 'Twin Pines', '983', 201),
(202, 'IT', '50124', 'Firenze', 'Northwestern', '97706', 202),
(203, 'IT', '20147', 'Milano', 'Eagle Crest', '3', 203),
(204, 'IT', '16146', 'Genova', 'Harbort', '46', 204),
(205, 'IT', '34129', 'Trieste', 'Havey', '77027', 205),
(206, 'IT', '29010', 'Villanova', 'Pearson', '11104', 206),
(207, 'IT', '30132', 'Venezia', 'Towne', '8493', 207),
(208, 'IT', '89129', 'Reggio Calabria', 'Sunnyside', '047', 208),
(209, 'IT', '98124', 'Messina', 'Dawn', '77', 209),
(210, 'IT', '98135', 'Messina', 'Red Cloud', '3', 210),
(211, 'IT', '98168', 'Messina', 'Bayside', '727', 211),
(212, 'IT', '98124', 'Messina', 'Hoffman', '9731', 212),
(213, 'IT', '00128', 'Roma', '2nd', '365', 213),
(214, 'IT', '84124', 'Salerno', 'Ruskin', '9113', 214),
(215, 'IT', '10141', 'Torino', 'Gulseth', '94907', 215),
(216, 'IT', '19139', 'Laspezia', 'Kim', '02', 216),
(217, 'IT', '16124', 'Genova', 'Mayfield', '8', 217),
(218, 'IT', '84124', 'Salerno', 'Ridgeway', '4', 218),
(219, 'IT', '60129', 'Ancona', '3rd', '3', 219),
(220, 'IT', '98124', 'Messina', 'Mitchell', '59997', 220),
(221, 'IT', '60129', 'Ancona', 'Del Sol', '6', 221),
(222, 'IT', '16135', 'Genova', 'Morrow', '11362', 222),
(223, 'IT', '98146', 'Messina', 'Spenser', '05010', 223),
(224, 'IT', '09124', 'Cagliari', 'Fulton', '4371', 224),
(225, 'IT', '19139', 'Laspezia', 'Melvin', '207', 225),
(226, 'IT', '19139', 'Laspezia', 'Melrose', '21', 226),
(227, 'IT', '90129', 'Palermo', 'Forster', '1209', 227),
(228, 'IT', '89129', 'Reggio Calabria', 'Nova', '0651', 228),
(229, 'IT', '37129', 'Verona', 'Farwell', '8961', 229),
(230, 'IT', '00196', 'Roma', 'Service', '6881', 230),
(231, 'IT', '37142', 'Verona', 'Truax', '2', 231),
(232, 'IT', '50124', 'Firenze', 'Cottonwood', '5043', 232),
(233, 'IT', '00128', 'Roma', 'Atwood', '92762', 233),
(234, 'IT', '19125', 'Laspezia', 'Clemons', '4871', 234),
(235, 'IT', '00174', 'Roma', 'Corscot', '686', 235),
(236, 'IT', '50124', 'Firenze', 'Lyons', '75', 236),
(237, 'IT', '20147', 'Milano', 'Hanover', '01891', 237),
(238, 'IT', '00163', 'Roma', 'Erie', '686', 238),
(239, 'IT', '89129', 'Reggio Calabria', 'Merchant', '1663', 239),
(240, 'IT', '98168', 'Messina', 'Oriole', '10244', 240),
(241, 'IT', '50124', 'Firenze', 'Almo', '6', 241),
(242, 'IT', '60129', 'Ancona', 'Northland', '39', 242),
(243, 'IT', '20125', 'Milano', 'Miller', '588', 243),
(244, 'IT', '37142', 'Verona', 'Fairfield', '1212', 244),
(245, 'IT', '90141', 'Palermo', 'Blaine', '16155', 245),
(246, 'IT', '29010', 'Villanova', 'Dunning', '47937', 246),
(247, 'IT', '65129', 'Pescara', 'Chive', '71', 247),
(248, 'IT', '20147', 'Milano', 'Portage', '35141', 248),
(249, 'IT', '80129', 'Napoli', 'Johnson', '550', 249),
(250, 'IT', '16157', 'Genova', 'Upham', '632', 250),
(251, 'IT', '57124', 'Livorno', 'Arkansas', '7', 251),
(252, 'IT', '37129', 'Verona', 'Saint Paul', '98250', 252),
(253, 'IT', '19125', 'Laspezia', 'Dryden', '569', 253),
(254, 'IT', '30132', 'Venezia', 'Valley Edge', '76', 254),
(255, 'IT', '40128', 'Bologna', 'Montana', '08250', 255),
(256, 'IT', '90141', 'Palermo', 'Clove', '7467', 256),
(257, 'IT', '16135', 'Genova', 'Forest Run', '4464', 257),
(258, 'IT', '35129', 'Padova', 'Village Green', '31206', 258),
(259, 'IT', '95123', 'Catania', 'Randy', '2428', 259),
(260, 'IT', '84124', 'Salerno', 'Village', '25611', 260),
(261, 'IT', '35141', 'Padova', 'Montana', '646', 261),
(262, 'IT', '16157', 'Genova', 'Dottie', '5', 262),
(263, 'IT', '98157', 'Messina', 'Cody', '1575', 263),
(264, 'IT', '00128', 'Roma', 'Namekagon', '03', 264),
(265, 'IT', '29010', 'Villanova', 'Arapahoe', '3391', 265),
(266, 'IT', '98135', 'Messina', 'Prentice', '92', 266),
(267, 'IT', '84135', 'Salerno', 'Cherokee', '02454', 267),
(268, 'IT', '40141', 'Bologna', 'John Wall', '28419', 268),
(269, 'IT', '00196', 'Roma', 'Susan', '35', 269),
(270, 'IT', '50136', 'Firenze', 'Clarendon', '54', 270),
(271, 'IT', '95123', 'Catania', 'Mccormick', '0591', 271),
(272, 'IT', '90141', 'Palermo', 'Kings', '940', 272),
(273, 'IT', '30132', 'Venezia', 'Emmet', '2', 273),
(274, 'IT', '30132', 'Venezia', 'Fulton', '59', 274),
(275, 'IT', '06124', 'Perugia', 'Shasta', '7766', 275),
(276, 'IT', '30132', 'Venezia', 'Bluestem', '3057', 276),
(277, 'IT', '40128', 'Bologna', 'Florence', '8956', 277),
(278, 'IT', '84135', 'Salerno', 'Morningstar', '20', 278),
(279, 'IT', '50136', 'Firenze', 'Gulseth', '97793', 279),
(280, 'IT', '19139', 'Laspezia', 'Armistice', '54', 280),
(281, 'IT', '20136', 'Milano', 'Summer Ridge', '400', 281),
(282, 'IT', '16157', 'Genova', 'Florence', '54', 282),
(283, 'IT', '90141', 'Palermo', 'Sutteridge', '846', 283),
(284, 'IT', '30132', 'Venezia', 'Kennedy', '9', 284),
(285, 'IT', '84124', 'Salerno', 'Judy', '1886', 285),
(286, 'IT', '90129', 'Palermo', 'Monument', '270', 286),
(287, 'IT', '34129', 'Trieste', 'Eastlawn', '0', 287),
(288, 'IT', '30132', 'Venezia', 'Lawn', '13635', 288),
(289, 'IT', '40128', 'Bologna', 'Arkansas', '39', 289),
(290, 'IT', '80141', 'Napoli', 'Eastwood', '6145', 290),
(291, 'IT', '98124', 'Messina', 'Roxbury', '13347', 291),
(292, 'IT', '89129', 'Reggio Calabria', 'Drewry', '7386', 292),
(293, 'IT', '16135', 'Genova', 'Calypso', '34252', 293),
(294, 'IT', '24129', 'Bergamo', 'Little Fleur', '4735', 294),
(295, 'IT', '98157', 'Messina', 'Erie', '62', 295),
(296, 'IT', '20158', 'Milano', 'Independence', '34', 296),
(297, 'IT', '16146', 'Genova', 'Autumn Leaf', '3696', 297),
(298, 'IT', '10141', 'Torino', 'Daystar', '1', 298),
(299, 'IT', '29010', 'Villanova', 'Gina', '56', 299),
(300, 'IT', '40141', 'Bologna', 'Harbort', '1', 300),
(301, 'IT', '35141', 'Padova', 'Norway Maple', '027', 136),
(302, 'IT', '50136', 'Firenze', 'Vermont', '89667', 105),
(303, 'IT', '90141', 'Palermo', 'Sherman', '7382', 24),
(304, 'IT', '65129', 'Pescara', 'Vernon', '7750', 277),
(305, 'IT', '16146', 'Genova', 'Sheridan', '73', 184),
(306, 'IT', '35141', 'Padova', 'Sunbrook', '3165', 9),
(307, 'IT', '29010', 'Villanova', 'Hooker', '826', 229),
(308, 'IT', '37129', 'Verona', 'Mesta', '16', 197),
(309, 'IT', '20136', 'Milano', '1st', '22085', 22),
(310, 'IT', '19139', 'Laspezia', 'Karstens', '445', 288),
(311, 'IT', '98157', 'Messina', 'Sheridan', '063', 205),
(312, 'IT', '80129', 'Napoli', 'Muir', '1', 243),
(313, 'IT', '50124', 'Firenze', 'Quincy', '5', 68),
(314, 'IT', '20136', 'Milano', 'Vera', '00285', 132),
(315, 'IT', '95123', 'Catania', 'Farragut', '742', 33),
(316, 'IT', '20158', 'Milano', '8th', '39', 79),
(317, 'IT', '00163', 'Roma', 'Tennyson', '7953', 253),
(318, 'IT', '19139', 'Laspezia', 'Nelson', '28180', 54),
(319, 'IT', '40128', 'Bologna', 'Westend', '8', 197),
(320, 'IT', '20147', 'Milano', 'Texas', '0238', 168),
(321, 'IT', '16146', 'Genova', 'Green', '914', 51),
(322, 'IT', '34129', 'Trieste', 'Forest', '3653', 15),
(323, 'IT', '40128', 'Bologna', 'Victoria', '24642', 35),
(324, 'IT', '25129', 'Brescia', 'Hollow Ridge', '454', 248),
(325, 'IT', '57124', 'Livorno', 'Portage', '2', 89),
(326, 'IT', '00196', 'Roma', 'Harbort', '9', 226),
(327, 'IT', '24129', 'Bergamo', 'Toban', '3', 202),
(328, 'IT', '00174', 'Roma', 'Lyons', '2', 213),
(329, 'IT', '00163', 'Roma', 'Meadow Valley', '13648', 95),
(330, 'IT', '40128', 'Bologna', '1st', '45280', 175),
(331, 'IT', '16135', 'Genova', 'Montana', '200', 185),
(332, 'IT', '00152', 'Roma', 'Portage', '3', 5),
(333, 'IT', '90129', 'Palermo', 'Pond', '28', 157),
(334, 'IT', '19125', 'Laspezia', 'Green', '75385', 217),
(335, 'IT', '40128', 'Bologna', 'Dwight', '72501', 9),
(336, 'IT', '09124', 'Cagliari', 'Division', '4', 174),
(337, 'IT', '00141', 'Roma', 'Darwin', '144', 147),
(338, 'IT', '84124', 'Salerno', 'Clemons', '187', 55),
(339, 'IT', '37129', 'Verona', 'Lotheville', '5477', 159),
(340, 'IT', '10152', 'Torino', 'Di Loreto', '5596', 263),
(341, 'IT', '50136', 'Firenze', 'New Castle', '94', 5),
(342, 'IT', '89129', 'Reggio Calabria', 'Vahlen', '31', 216),
(343, 'IT', '90141', 'Palermo', 'Browning', '7108', 59),
(344, 'IT', '16157', 'Genova', 'Eastlawn', '327', 199),
(345, 'IT', '98168', 'Messina', 'Ramsey', '0', 231),
(346, 'IT', '95123', 'Catania', 'Brentwood', '6', 206),
(347, 'IT', '16146', 'Genova', 'Norway Maple', '4', 62),
(348, 'IT', '10129', 'Torino', 'Dixon', '07961', 18),
(349, 'IT', '37142', 'Verona', 'Thackeray', '8', 159),
(350, 'IT', '29010', 'Villanova', 'Towne', '117', 44),
(351, 'IT', '00163', 'Roma', 'Main', '3', 40),
(352, 'IT', '34129', 'Trieste', 'Kropf', '8', 208),
(353, 'IT', '98146', 'Messina', 'Judy', '47', 268),
(354, 'IT', '16146', 'Genova', 'Hoepker', '208', 240),
(355, 'IT', '50136', 'Firenze', 'Dorton', '27', 14),
(356, 'IT', '98168', 'Messina', 'Maywood', '602', 112),
(357, 'IT', '16157', 'Genova', 'Morrow', '90013', 137),
(358, 'IT', '10141', 'Torino', 'Cascade', '76647', 89),
(359, 'IT', '30175', 'Mestre', 'Magdeline', '5784', 291),
(360, 'IT', '95123', 'Catania', 'Blackbird', '4', 275),
(361, 'IT', '16157', 'Genova', 'Monterey', '267', 5),
(362, 'IT', '19125', 'Laspezia', 'Sage', '75247', 47),
(363, 'IT', '95123', 'Catania', 'Killdeer', '35', 245),
(364, 'IT', '20136', 'Milano', 'Di Loreto', '3', 87),
(365, 'IT', '50136', 'Firenze', 'Schlimgen', '7', 258),
(366, 'IT', '89129', 'Reggio Calabria', 'Thierer', '465', 9),
(367, 'IT', '00163', 'Roma', 'Sundown', '4', 244),
(368, 'IT', '90129', 'Palermo', 'Birchwood', '3127', 223),
(369, 'IT', '00152', 'Roma', 'Park Meadow', '43866', 151),
(370, 'IT', '10152', 'Torino', 'Rusk', '6103', 297),
(371, 'IT', '98135', 'Messina', 'Lakewood', '1', 199),
(372, 'IT', '60129', 'Ancona', 'Hoard', '2657', 235),
(373, 'IT', '40128', 'Bologna', 'Claremont', '324', 273),
(374, 'IT', '30132', 'Venezia', 'Oneill', '6127', 150),
(375, 'IT', '40141', 'Bologna', 'Gulseth', '2', 69),
(376, 'IT', '19139', 'Laspezia', 'Declaration', '01', 116),
(377, 'IT', '00128', 'Roma', 'Havey', '4909', 204),
(378, 'IT', '00185', 'Roma', 'Eagan', '70', 164),
(379, 'IT', '34129', 'Trieste', 'Amoth', '3392', 267),
(380, 'IT', '80129', 'Napoli', 'Mayfield', '8075', 79),
(381, 'IT', '40128', 'Bologna', 'Kropf', '6320', 280),
(382, 'IT', '16124', 'Genova', 'Burning Wood', '75342', 106),
(383, 'IT', '16124', 'Genova', 'Sachs', '661', 293),
(384, 'IT', '20158', 'Milano', 'Northview', '71713', 70),
(385, 'IT', '34129', 'Trieste', 'Browning', '1', 241),
(386, 'IT', '30132', 'Venezia', 'Grim', '2720', 180),
(387, 'IT', '98135', 'Messina', 'John Wall', '4968', 122),
(388, 'IT', '50136', 'Firenze', 'Eagan', '3973', 163),
(389, 'IT', '20125', 'Milano', '1st', '9', 247),
(390, 'IT', '16157', 'Genova', 'Mallory', '86476', 260),
(391, 'IT', '90141', 'Palermo', 'Garrison', '34370', 126),
(392, 'IT', '30175', 'Mestre', 'Almo', '3', 299),
(393, 'IT', '19139', 'Laspezia', 'Meadow Valley', '0706', 223),
(394, 'IT', '50124', 'Firenze', 'Barby', '51', 241),
(395, 'IT', '19139', 'Laspezia', 'Towne', '52', 235),
(396, 'IT', '00141', 'Roma', 'Prentice', '67', 128),
(397, 'IT', '30175', 'Mestre', 'Sheridan', '95077', 184),
(398, 'IT', '98124', 'Messina', 'Trailsway', '64', 266),
(399, 'IT', '00196', 'Roma', 'Burrows', '899', 26),
(400, 'IT', '20136', 'Milano', 'Manufacturers', '822', 145);

insert into Carta (Numero, Circuito, Intestatario, Scadenza) values
('371161473159664', 'americanexpress', 'Reggy Cawdron', '2025-08-14'),
('5100173187046936', 'mastercard', 'Audy Chazelas', '2025-12-08'),
('374288375369468', 'americanexpress', 'Robbyn Trotter', '2026-04-26'),
('4041596295334767', 'visa', 'Velvet Blodg', '2024-01-18'),
('374622227455788', 'americanexpress', 'Vale Jeary', '2025-04-04'),
('4041373276047', 'visa', 'Burty Fere', '2025-05-24'),
('5100134932688786', 'mastercard', 'Berk Beacock', '2024-08-12'),
('5048375491586425', 'mastercard', 'Chev Leppo', '2024-01-13'),
('4041377583950', 'visa', 'Lezley Mallinder', '2026-02-07'),
('4041377648603798', 'visa', 'Dareen Mosedill', '2026-06-14'),
('5467682966831091', 'mastercard', 'Beret Morten', '2025-08-30'),
('4017954420847841', 'visa', 'Gertrudis Daouze', '2025-06-24'),
('5357916727374014', 'mastercard', 'Patric Page', '2025-03-20'),
('4041377889644998', 'visa', 'Carilyn Caccavale', '2024-04-10'),
('4017959322629', 'visa', 'Marcelia Favelle', '2026-07-22'),
('5100145473159946', 'mastercard', 'Ophelia Paulillo', '2025-04-14'),
('4041379464227280', 'visa', 'Kassey Kneel', '2024-08-01'),
('374283167426816', 'americanexpress', 'Bettye Proske', '2025-10-11'),
('5100149106098562', 'mastercard', 'Darda Joannet', '2023-12-26'),
('374622917577735', 'americanexpress', 'Lamar Hamm', '2025-10-27'),
('4041591966782337', 'visa', 'Biron McEwan', '2025-12-04'),
('374622552731795', 'americanexpress', 'Saudra Gilpin', '2026-02-25'),
('4142375347735', 'visa', 'Vinnie Rodriguez', '2024-05-22'),
('5100170648359510', 'mastercard', 'Grenville Butler-Bowdon', '2025-03-02'),
('5514871242459495', 'mastercard', 'Fleming Bashford', '2023-11-16'),
('5002354760577138', 'mastercard', 'Bran Shout', '2024-02-22'),
('4041377143832611', 'visa', 'Westbrook Pee', '2024-04-14'),
('5010125779476086', 'mastercard', 'Kore Lelievre', '2025-10-11'),
('372301649158963', 'americanexpress', 'Ardenia Toderini', '2024-01-07'),
('341047877448471', 'americanexpress', 'Cathee Eckersley', '2024-11-27'),
('337941382673092', 'americanexpress', 'Ignacius Schoenrock', '2025-03-06'),
('337941690183230', 'americanexpress', 'Gabriel Willshere', '2025-02-24'),
('337941048155591', 'americanexpress', 'Gusty Pachta', '2024-10-08'),
('377564956523583', 'americanexpress', 'Hillel Skacel', '2024-07-03'),
('374283148776768', 'americanexpress', 'Ambrosius Kincade', '2025-08-11'),
('5112673641165079', 'mastercard', 'Candice Crowley', '2025-12-12'),
('4344735233307873', 'visa', 'Leon Liversidge', '2026-05-19'),
('374288471498419', 'americanexpress', 'Berte Barenskie', '2024-05-25'),
('343294099355542', 'americanexpress', 'Erhard Guilloton', '2024-02-08'),
('372301578837462', 'americanexpress', 'Marquita Vallow', '2025-12-15'),
('5330146992969619', 'mastercard', 'Lisabeth Barley', '2026-01-03'),
('4017955940473', 'visa', 'Fitz McTerrelly', '2025-08-24'),
('5048374496158264', 'mastercard', 'Celestine Hanalan', '2025-04-01'),
('5100147791121657', 'mastercard', 'Gilberta Kevis', '2025-12-30'),
('4875150992433125', 'visa', 'Lily Mackett', '2026-03-02'),
('337941351027841', 'americanexpress', 'Shaylyn Marcussen', '2026-03-21'),
('337941626345234', 'americanexpress', 'Colman Belvard', '2023-12-21'),
('5129739231641133', 'mastercard', 'Whit Pool', '2024-04-29'),
('5100132762859873', 'mastercard', 'Hal Randales', '2025-01-10'),
('5108759373841619', 'mastercard', 'Rolfe Baugh', '2024-09-19'),
('374288636864109', 'americanexpress', 'Aigneis Maffia', '2024-04-30'),
('4238016365118', 'visa', 'Zia Kliesl', '2026-04-29'),
('5316646423426426', 'mastercard', 'Garry Zorener', '2025-05-23'),
('4041377152657', 'visa', 'Joceline Gumary', '2024-02-10'),
('337941917689019', 'americanexpress', 'Aleda Maylin', '2026-03-05'),
('5180380234811351', 'mastercard', 'Lorrie Swindin', '2024-02-05'),
('5223038626304471', 'mastercard', 'Keriann Wimmer', '2024-10-06'),
('4943937498017370', 'visa', 'Terri-jo Tubble', '2024-02-22'),
('372301122245857', 'americanexpress', 'Margaretha Faley', '2024-07-27'),
('5048379039255808', 'mastercard', 'Jamey McCowan', '2025-12-29'),
('337941177225280', 'americanexpress', 'Nixie Reignard', '2024-04-13'),
('5100148810841564', 'mastercard', 'Dyanna Diter', '2026-07-20'),
('5100172383749822', 'mastercard', 'Cindee MacShirie', '2026-04-21'),
('374283803890151', 'americanexpress', 'Fanechka Sunock', '2026-05-10'),
('4017953023611', 'visa', 'Norine Balden', '2024-11-12'),
('374283343224234', 'americanexpress', 'Meridel Balazs', '2025-08-29'),
('4017956793161957', 'visa', 'Susanna Wand', '2025-03-20'),
('5161205848651567', 'mastercard', 'Lindsey Brecknall', '2024-11-15'),
('374288581415246', 'americanexpress', 'Daisey Fenners', '2024-03-31'),
('4735727189141', 'visa', 'Eleen Skeggs', '2025-02-17'),
('5500935488985954', 'mastercard', 'Arvin Cathrall', '2026-06-18'),
('5193746533938092', 'mastercard', 'Ricky Grummitt', '2025-12-01'),
('4017955938162', 'visa', 'Dorris Uwins', '2025-06-26'),
('374283280607516', 'americanexpress', 'Julietta Renney', '2025-06-19'),
('372301256532609', 'americanexpress', 'Georgena Danbury', '2026-02-01'),
('5560957052914001', 'mastercard', 'Elisa Blacker', '2025-10-19'),
('5007669085158842', 'mastercard', 'Martelle Temblett', '2024-04-23'),
('4041593545101708', 'visa', 'Savina Caughan', '2024-12-11'),
('4214473284811356', 'visa', 'Heda Bownas', '2025-02-11'),
('4521555605912778', 'visa', 'Thomasina McKnockiter', '2025-05-19'),
('374888641685819', 'americanexpress', 'Clerc Maurice', '2024-02-03'),
('4041371522758455', 'visa', 'Filbert Kobpac', '2026-02-21'),
('374288266107076', 'americanexpress', 'Nevile Jarry', '2024-06-29'),
('4622415507406767', 'visa', 'Brigham D''Antonio', '2025-12-15'),
('5010121870584043', 'mastercard', 'Amelita Mounfield', '2026-05-15'),
('4041594041345', 'visa', 'Nickolai Tollerfield', '2026-03-28'),
('4087199682785', 'visa', 'Eustacia Casperri', '2026-06-17'),
('4616629465294', 'visa', 'Cortie Kingzet', '2024-04-16'),
('374288092538064', 'americanexpress', 'Herminia Dufoure', '2026-07-04'),
('4017958854110600', 'visa', 'Meghann M''Barron', '2025-10-03'),
('372301306653801', 'americanexpress', 'Tomkin Mattam', '2024-09-11'),
('5474405294044398', 'mastercard', 'Tobit Haxby', '2023-12-28'),
('5120080639165238', 'mastercard', 'Ursola Severwright', '2025-08-28'),
('372301404112866', 'americanexpress', 'Crista Borg-Bartolo', '2024-08-01'),
('4041371129354', 'visa', 'Joscelin Jewks', '2025-10-11'),
('4017950370254', 'visa', 'Claribel Ivannikov', '2025-11-04'),
('4041375762758034', 'visa', 'Torrance Matashkin', '2024-07-09'),
('337941629548537', 'americanexpress', 'Bart Fray', '2026-07-10'),
('5002359224427010', 'mastercard', 'Fleurette Twelve', '2025-09-30'),
('374329969443531', 'americanexpress', 'Falito De Micoli', '2026-06-20'),
('5100131290610741', 'mastercard', 'Tucker D''Souza', '2025-02-12'),
('4017954016278278', 'visa', 'Minna Madison', '2026-06-08'),
('5100179341262855', 'mastercard', 'Staffard McGoldrick', '2024-10-16'),
('5314852386625515', 'mastercard', 'Rodger Hrinchenko', '2024-12-28'),
('374622301505805', 'americanexpress', 'Marjory Kinzett', '2026-01-27'),
('5002351403416070', 'mastercard', 'Alli Yeeles', '2025-05-20'),
('346656312990973', 'americanexpress', 'Krissy Bartlett', '2025-10-25'),
('5007668283448500', 'mastercard', 'Maria Summerlad', '2024-02-06'),
('5108755878000305', 'mastercard', 'Philippe China', '2025-06-22'),
('5133042667555412', 'mastercard', 'Sander Werndley', '2024-07-25'),
('4281093281188', 'visa', 'Suzy Kremer', '2026-02-22'),
('5307790464890974', 'mastercard', 'Pacorro Tyler', '2026-01-18'),
('4041590412522602', 'visa', 'Norbert Traves', '2025-03-09'),
('4041375289384082', 'visa', 'Deeanne MacCaughey', '2024-09-08'),
('5002355577466704', 'mastercard', 'Derril Winpenny', '2024-07-04'),
('372301111907483', 'americanexpress', 'Valera Gonzalvo', '2026-07-26'),
('5374288653063501', 'mastercard', 'Allsun Van Haeften', '2025-02-10'),
('4041595166012189', 'visa', 'Nertie Tyas', '2026-04-30'),
('5100137034467322', 'mastercard', 'Danny Kenzie', '2025-01-12'),
('4041597717395451', 'visa', 'Lorine Clerc', '2026-01-25'),
('337941447666354', 'americanexpress', 'Bernardine Greenrde', '2025-03-09'),
('5100170992447929', 'mastercard', 'Jonathan Longwood', '2025-10-27'),
('5048377231392478', 'mastercard', 'Danya Crathorne', '2024-11-06'),
('346420239376851', 'americanexpress', 'Clare Kellett', '2023-12-27'),
('374622259074622', 'americanexpress', 'Reed Gammie', '2026-06-07'),
('5100138217191614', 'mastercard', 'Edmon Oloshkin', '2025-05-03'),
('376655057641752', 'americanexpress', 'Trista Dellit', '2026-03-15'),
('372301945948943', 'americanexpress', 'Verge Frantz', '2023-11-07'),
('4017956460839778', 'visa', 'Karel Farrier', '2024-04-25'),
('374283752896613', 'americanexpress', 'Cris Umney', '2024-10-20'),
('4041379577869580', 'visa', 'Amery Cordoba', '2024-01-04'),
('374283536270580', 'americanexpress', 'Clemens Iannello', '2024-04-22'),
('4357924191950', 'visa', 'Hobie Fossey', '2024-05-21'),
('376728654744558', 'americanexpress', 'Betteann Sydney', '2025-05-21'),
('5155500470398760', 'mastercard', 'Lloyd Staining', '2024-05-13'),
('370624466234530', 'americanexpress', 'Sheena Izat', '2025-10-01'),
('379512010951306', 'americanexpress', 'Lotte Gofton', '2024-07-19'),
('374288325113917', 'americanexpress', 'Lotti Yitzhakov', '2026-05-11'),
('4041590789960005', 'visa', 'Miltie Tarr', '2026-02-14'),
('4041377714795', 'visa', 'Letty Southernwood', '2024-08-09'),
('347436961027016', 'americanexpress', 'Beatrice Steffan', '2026-03-02'),
('4041373833057072', 'visa', 'Mellie MacAleese', '2024-01-20'),
('374622126376176', 'americanexpress', 'Dun Charlwood', '2024-04-20'),
('5002351191046667', 'mastercard', 'Bari Reast', '2024-06-27'),
('5263911038414388', 'mastercard', 'Alexei Goncaves', '2026-05-11'),
('4041594900948097', 'visa', 'Lind Rannald', '2025-11-15'),
('4041597777242', 'visa', 'Prent Kerton', '2026-04-18'),
('374622872633002', 'americanexpress', 'Korey Coltman', '2026-04-24'),
('5108756172587062', 'mastercard', 'Saunders Dunphie', '2025-09-01'),
('374622917874116', 'americanexpress', 'Suzy Crossman', '2026-07-27'),
('4161688846261401', 'visa', 'Urson Warburton', '2026-07-29'),
('370692677867455', 'americanexpress', 'Laughton Leacock', '2025-08-22'),
('374288687406990', 'americanexpress', 'Daniele Sive', '2025-11-28'),
('5430005545443481', 'mastercard', 'Corny Jouannot', '2024-01-28'),
('5232338205782603', 'mastercard', 'Van Joskowicz', '2025-02-13'),
('5589827197397908', 'mastercard', 'Marcos Roblou', '2023-12-27'),
('374622504343798', 'americanexpress', 'Lev Poskitt', '2026-01-27'),
('4195533676170134', 'visa', 'Cheryl Duddle', '2024-08-19'),
('4041599390846', 'visa', 'Jaclin Minucci', '2025-06-20'),
('4569928044265368', 'visa', 'Katherina Callister', '2024-04-26'),
('5516238194782787', 'mastercard', 'Lem Mayberry', '2025-04-04'),
('5121755705129338', 'mastercard', 'Rickie Manilow', '2025-10-31'),
('5571675754452198', 'mastercard', 'Elias Paramor', '2024-11-01'),
('376526533819215', 'americanexpress', 'Cobbie Lomasney', '2024-09-27'),
('4874001202351', 'visa', 'Euphemia Allsupp', '2025-03-21'),
('4041372143605794', 'visa', 'Dorris Iskow', '2025-08-04'),
('372301003720275', 'americanexpress', 'Arlin Marden', '2026-07-22'),
('337941373186450', 'americanexpress', 'Abeu Sirett', '2024-07-02'),
('4064707929567472', 'visa', 'Ellary Limb', '2025-09-27'),
('4041593801948255', 'visa', 'Magdaia Newall', '2026-03-15'),
('5100135448400178', 'mastercard', 'Pat Truwert', '2025-12-11'),
('337941929254067', 'americanexpress', 'Annora McDade', '2024-03-18'),
('5100177406337281', 'mastercard', 'Robinetta O''Deoran', '2025-02-15'),
('374622744117796', 'americanexpress', 'Griff Skerrett', '2025-11-26'),
('4041593727575661', 'visa', 'Averell Widdop', '2025-08-06'),
('341702864778302', 'americanexpress', 'Britta Androlli', '2024-10-16'),
('5100179078876000', 'mastercard', 'Kristofor Berford', '2025-04-27'),
('375344161400220', 'americanexpress', 'Mufi Houchen', '2026-04-08'),
('372301192414417', 'americanexpress', 'Clarance Kenworthey', '2025-07-06'),
('4041591622816', 'visa', 'Craig Melloi', '2023-11-14'),
('4041596122571821', 'visa', 'Mariquilla Isham', '2026-07-08'),
('4017953217536', 'visa', 'Ray Bangiard', '2024-09-29'),
('372301795977711', 'americanexpress', 'Alric Surplice', '2024-04-08'),
('4052921243421', 'visa', 'Hamlen Fortey', '2025-12-22'),
('5559525230105298', 'mastercard', 'Betti Gallafant', '2025-06-11'),
('347054259058377', 'americanexpress', 'Wrennie Dorbin', '2025-10-16'),
('4041592361044919', 'visa', 'Haywood Eastridge', '2026-04-03'),
('5404917343491920', 'mastercard', 'Merrili Geratt', '2026-04-12'),
('5372515522598479', 'mastercard', 'Collette Anney', '2026-03-13'),
('4017956571889', 'visa', 'Olin Attenbrough', '2024-12-21'),
('5002356115101746', 'mastercard', 'Davin Trigg', '2025-09-28'),
('5100149308631707', 'mastercard', 'Audre Burnep', '2024-03-20'),
('5233648359387119', 'mastercard', 'Seward Lorenc', '2024-06-18'),
('5456480926208697', 'mastercard', 'Carlina Polotti', '2024-06-21'),
('337941484595177', 'americanexpress', 'Bary Vass', '2024-04-11'),
('5002351166213409', 'mastercard', 'Charita Cadd', '2025-02-09'),
('4041590192935693', 'visa', 'Welsh Fincken', '2023-11-24'),
('5100170367384111', 'mastercard', 'Rosalinda Shieber', '2026-04-21'),
('337941206450750', 'americanexpress', 'Domenic Dowry', '2025-03-09'),
('347855550502263', 'americanexpress', 'Rey Telfer', '2024-10-17'),
('5108757092677876', 'mastercard', 'Trenton Lorey', '2025-12-25'),
('374283660047499', 'americanexpress', 'Nikolia Chicchelli', '2024-10-05'),
('337941952432341', 'americanexpress', 'Garrard Noton', '2025-06-03'),
('342539797063041', 'americanexpress', 'Lyndsie Berrecloth', '2023-12-25'),
('372301473146233', 'americanexpress', 'Ced Bretton', '2024-09-03'),
('372301363448517', 'americanexpress', 'Joel Grute', '2025-12-03'),
('374288009438226', 'americanexpress', 'Juan Braun', '2026-01-16'),
('4150274283430', 'visa', 'Odelinda Faragher', '2023-11-07'),
('5002359379450742', 'mastercard', 'York Hargraves', '2024-08-28'),
('4377858595524966', 'visa', 'Phillis Sallinger', '2025-07-03'),
('5010126083892380', 'mastercard', 'Emma Westgarth', '2024-01-21'),
('374283991744293', 'americanexpress', 'Pen Totterdill', '2025-03-08'),
('5100148368217886', 'mastercard', 'Darren Kernes', '2024-03-22'),
('4758951481612', 'visa', 'Genia Carwithan', '2024-12-13'),
('5100149760645278', 'mastercard', 'Moshe Kiddle', '2025-10-18'),
('4017957938426', 'visa', 'Urbain Wilds', '2024-09-09'),
('5048371135562591', 'mastercard', 'Tara Galer', '2025-07-08'),
('370278837191331', 'americanexpress', 'Norton Hadcroft', '2024-07-08'),
('4302246532945', 'visa', 'Teodoro Baudrey', '2025-10-19'),
('4041591802731449', 'visa', 'Riki Fransoni', '2026-01-08'),
('5100137992445468', 'mastercard', 'Morrie Sommerlie', '2025-10-04'),
('4041374753903', 'visa', 'Dodie Ubee', '2024-10-17'),
('4041591867346', 'visa', 'Jerome Woliter', '2025-06-30'),
('374622245831689', 'americanexpress', 'Ezra Cater', '2024-09-11'),
('374288505049691', 'americanexpress', 'Gabriela Sharrem', '2025-12-20'),
('337941049609794', 'americanexpress', 'Dennie Bastard', '2024-08-13'),
('5007668469103101', 'mastercard', 'Aveline Ziehms', '2025-02-04'),
('5353961396108446', 'mastercard', 'Melissa Blewmen', '2024-12-01'),
('5160436432781152', 'mastercard', 'Jeffry Lammerding', '2024-12-24'),
('374622714386504', 'americanexpress', 'Federico Gilding', '2026-07-29'),
('5522635331955881', 'mastercard', 'Terri Littleproud', '2026-02-15'),
('4120257464578130', 'visa', 'Farrel Readie', '2024-12-06'),
('337941587581488', 'americanexpress', 'Cortney Tanman', '2024-08-01'),
('5100172653599311', 'mastercard', 'Windy Swayte', '2025-01-03'),
('4017951952381', 'visa', 'Justin Isaacs', '2025-04-27'),
('337941740249718', 'americanexpress', 'Cordelia Clissett', '2026-04-02'),
('5100139321173993', 'mastercard', 'Martina Verner', '2024-04-27'),
('4115912591194535', 'visa', 'Weylin Belt', '2023-12-01'),
('5010129635058161', 'mastercard', 'Clevey McTerry', '2025-05-03'),
('5108754983927239', 'mastercard', 'Ardra Kernoghan', '2024-12-21'),
('5420118181845083', 'mastercard', 'Gherardo Arniz', '2024-04-07'),
('374288358461324', 'americanexpress', 'Chen Nezey', '2023-11-03'),
('374283644675837', 'americanexpress', 'Hannah Cherry', '2025-09-10'),
('4595239289988351', 'visa', 'Flossy Attock', '2024-09-01'),
('4041371668054', 'visa', 'Glenn Crosetto', '2026-03-10'),
('5100173251424498', 'mastercard', 'Benton Miroy', '2023-11-25'),
('337941212213234', 'americanexpress', 'Gilberto Asman', '2024-04-06'),
('5002355416049679', 'mastercard', 'Corilla Websdale', '2025-11-09'),
('5318937568824022', 'mastercard', 'Ron Slisby', '2024-02-02'),
('5007660966624523', 'mastercard', 'Georgiana Mathew', '2024-07-21'),
('372301600409561', 'americanexpress', 'Jaclin Blei', '2023-11-21'),
('346677946417084', 'americanexpress', 'Archibald Ponnsett', '2025-03-09'),
('5100134867122983', 'mastercard', 'Marcel Goulthorp', '2025-04-30'),
('5209390496299226', 'mastercard', 'Shaine Chern', '2024-12-19'),
('4041372880278', 'visa', 'Reidar Smead', '2026-01-27'),
('374283761409374', 'americanexpress', 'Skelly Feria', '2026-07-04'),
('379445647281559', 'americanexpress', 'Dyanna Dawkins', '2024-08-10'),
('4041375635125', 'visa', 'Aldus Malbon', '2026-07-03'),
('374283477912844', 'americanexpress', 'Royal Core', '2025-10-03'),
('374288754893757', 'americanexpress', 'Latia Woollhead', '2026-07-02'),
('5100135318106152', 'mastercard', 'Hamel Willsmore', '2024-06-05'),
('374288920146734', 'americanexpress', 'Cornie Kemshell', '2023-11-22'),
('5010128462411352', 'mastercard', 'Randy Di Bartolomeo', '2024-03-24'),
('4017954038443629', 'visa', 'Byram Hindge', '2024-03-02'),
('374283590209953', 'americanexpress', 'Xylina Stife', '2025-01-06'),
('5100148089062421', 'mastercard', 'Vina Gapper', '2025-06-19'),
('5100172803500953', 'mastercard', 'Dorolisa Madine', '2024-09-17'),
('5048375643931412', 'mastercard', 'Glendon Luxmoore', '2024-03-09'),
('4017959067924019', 'visa', 'Jacob Derrick', '2026-04-08'),
('4041595486986', 'visa', 'Drucie Kleinmintz', '2026-05-13'),
('5010128007944230', 'mastercard', 'Flossi Edworthy', '2025-06-11'),
('4017953791381', 'visa', 'Cedric Potzold', '2024-06-30'),
('5100146459639802', 'mastercard', 'Veriee McCheyne', '2026-05-22'),
('5450907109526046', 'mastercard', 'Les Milam', '2026-06-10'),
('5338554426051684', 'mastercard', 'Marguerite Nurcombe', '2023-12-06'),
('374622315484229', 'americanexpress', 'Coleman Jumel', '2025-06-06'),
('337941551691917', 'americanexpress', 'Tierney McNiven', '2025-07-25'),
('4041590163942033', 'visa', 'Shelly Caldecot', '2024-08-07'),
('337941361890154', 'americanexpress', 'Briant Tozer', '2024-01-05'),
('342922426755791', 'americanexpress', 'Abe Bonniface', '2025-06-09'),
('5100134034079512', 'mastercard', 'Enrico Hoble', '2025-09-18'),
('337941079924634', 'americanexpress', 'Ignaz Truscott', '2023-11-23'),
('374288746769198', 'americanexpress', 'Jarret Morrell', '2025-01-30'),
('374288734786501', 'americanexpress', 'Noell Attew', '2025-08-04'),
('5587226167402347', 'mastercard', 'Inglebert Kluger', '2024-07-11'),
('4041598717577', 'visa', 'Jena Jouanot', '2026-04-09'),
('372301911392563', 'americanexpress', 'Mahalia Duffett', '2025-07-09'),
('337941587645473', 'americanexpress', 'Ely Bartlomiejczyk', '2026-02-26'),
('377958319998419', 'americanexpress', 'Grant Rimell', '2024-04-27'),
('374283875800930', 'americanexpress', 'Kirsteni Retchford', '2024-02-05'),
('4041597541846', 'visa', 'Karrie Halden', '2024-07-29'),
('5002355773688093', 'mastercard', 'Anne Clackson', '2025-02-14'),
('4312536316925', 'visa', 'Natala Keatch', '2024-08-15'),
('4601452696801', 'visa', 'Dolorita Waldram', '2024-05-12'),
('5007660553065411', 'mastercard', 'Vidovik Redmile', '2024-08-16'),
('4986243630446710', 'visa', 'Mitchell Kobieriecki', '2024-03-02'),
('5225510284043086', 'mastercard', 'Bibby Fronzek', '2024-03-16'),
('4041592369516', 'visa', 'Liz Willingham', '2024-07-23'),
('374622020937784', 'americanexpress', 'Gaylor Fransson', '2025-09-30'),
('371228828303204', 'americanexpress', 'Sidonia Sooley', '2024-05-04'),
('5100138594521722', 'mastercard', 'Adi Escoffier', '2026-05-13'),
('374288026571058', 'americanexpress', 'Yorker Cavell', '2025-07-08'),
('4629458354317482', 'visa', 'Dirk Scutchin', '2024-04-07'),
('4041370917362709', 'visa', 'Lucy Ferrettino', '2024-07-01'),
('4094142623429', 'visa', 'Agnesse Branney', '2025-12-17'),
('374288910733848', 'americanexpress', 'Franny Grazier', '2023-12-23'),
('4499114943178', 'visa', 'Sallie Flucker', '2025-07-21'),
('337941234248887', 'americanexpress', 'Godfree Giacobo', '2024-03-31'),
('4041594994551377', 'visa', 'Eddi Negal', '2025-08-15'),
('4041590510939', 'visa', 'Camala O''Dogherty', '2026-06-24'),
('4062451505931297', 'visa', 'Danila Sego', '2024-05-13'),
('5109186945959712', 'mastercard', 'Binnie Minero', '2025-12-23'),
('337941444402753', 'americanexpress', 'Elberta Frapwell', '2023-12-19'),
('4017955049671', 'visa', 'Eugene Lunk', '2025-01-26'),
('372301499129866', 'americanexpress', 'Kerri Prose', '2025-10-28'),
('5100130409279125', 'mastercard', 'Theadora Pickerell', '2026-07-16'),
('4041599194483396', 'visa', 'Natassia Prise', '2025-11-19'),
('341604736815694', 'americanexpress', 'Ranee Redwin', '2024-10-05'),
('5100143537739142', 'mastercard', 'Leia Quare', '2024-09-17'),
('4041378384562263', 'visa', 'Felicle Scini', '2025-03-19'),
('5100140237085776', 'mastercard', 'Rossie St. Hill', '2025-10-16'),
('372301257869984', 'americanexpress', 'Lisha Anthony', '2025-05-30'),
('337941358963717', 'americanexpress', 'Rivalee Beevis', '2023-11-04'),
('5535978465778868', 'mastercard', 'Babbie McGucken', '2025-05-25'),
('5048372733624155', 'mastercard', 'Tedie Grafom', '2026-05-13'),
('337941321776055', 'americanexpress', 'Nessi Elleton', '2024-01-01'),
('374283256486333', 'americanexpress', 'Saundra Sivyour', '2024-09-24'),
('345209409485779', 'americanexpress', 'Winny Gretton', '2024-01-11'),
('5304962975169718', 'mastercard', 'Christina Cleynman', '2025-10-15'),
('372301055118873', 'americanexpress', 'Iona Nolli', '2024-07-29'),
('4176901646938356', 'visa', 'Lauretta Shenfish', '2026-05-23'),
('337941863635354', 'americanexpress', 'Krissy Maffin', '2024-12-18'),
('374288002311131', 'americanexpress', 'Tally Leiden', '2025-12-02'),
('5476170900646121', 'mastercard', 'Annadiane Pacquet', '2024-06-04'),
('372301676767116', 'americanexpress', 'Joelie Hartmann', '2023-12-05'),
('5411600987424933', 'mastercard', 'Florida Kolakowski', '2026-01-27'),
('372301367164045', 'americanexpress', 'Tracee Balog', '2025-06-14'),
('4198083198729', 'visa', 'Joana Findlow', '2025-06-18'),
('4041594379059', 'visa', 'Germana Mynard', '2025-08-11'),
('4041373705814766', 'visa', 'Lela Hallgath', '2024-10-24'),
('5002353250321700', 'mastercard', 'Annadiana MacTeague', '2026-03-18'),
('5302430506618670', 'mastercard', 'Arney MacCole', '2026-01-21'),
('5476938450480442', 'mastercard', 'Essie Edrich', '2024-12-06'),
('4041376468055097', 'visa', 'Carlee Diprose', '2026-03-07'),
('4017955532635', 'visa', 'Milo Scroggie', '2024-11-17'),
('4017957973936325', 'visa', 'Alta Georgiades', '2026-01-28'),
('4017953656436', 'visa', 'Melisande Bretherick', '2025-11-15'),
('5002357405516353', 'mastercard', 'Reagan Hucke', '2025-10-17'),
('5048378770406844', 'mastercard', 'Joby Colquete', '2025-06-13'),
('4017951026319', 'visa', 'Benjamin Element', '2024-11-04'),
('4041593003122', 'visa', 'Harlan Jacquest', '2026-07-13'),
('374288325952710', 'americanexpress', 'Erl Kennagh', '2026-05-03'),
('4017950316940203', 'visa', 'Petunia Coulter', '2024-06-28'),
('372301702364623', 'americanexpress', 'Markos Vasilechko', '2026-07-18'),
('4017951686638062', 'visa', 'Burton Cowtherd', '2025-01-18'),
('5231396278628914', 'mastercard', 'Aurelie Beinke', '2026-03-23'),
('5002354921125850', 'mastercard', 'Daffi Miche', '2026-02-19'),
('4041590014788452', 'visa', 'Brigitta Tithecote', '2026-02-26'),
('4017958338600', 'visa', 'Neal Stangoe', '2024-09-29'),
('4017951471242', 'visa', 'Gerrard Brazel', '2026-05-01'),
('5007662995782421', 'mastercard', 'Francoise Lyver', '2026-02-18'),
('5406214735901817', 'mastercard', 'Erhard Rings', '2025-06-25'),
('374622776829896', 'americanexpress', 'Sinclare Limer', '2024-03-28'),
('374622586318692', 'americanexpress', 'Saxe Pelcheur', '2025-12-21'),
('4041595498939935', 'visa', 'Ingrid Grayham', '2025-01-19'),
('5007662495196403', 'mastercard', 'Krystalle Lempel', '2025-12-06'),
('372301362032866', 'americanexpress', 'Clio Ranscome', '2024-04-17'),
('4990274149143864', 'visa', 'Quintilla Collier', '2024-01-17'),
('4017959767641', 'visa', 'Nicola Meritt', '2025-10-12'),
('5497525788983851', 'mastercard', 'Leoline Martineau', '2025-01-27'),
('4017959988478', 'visa', 'Carole Bray', '2025-08-14'),
('337941103421334', 'americanexpress', 'Friedrich Davies', '2024-04-29'),
('372301208526964', 'americanexpress', 'Beckie Allett', '2025-06-01'),
('5100177737024327', 'mastercard', 'Hugo Petel', '2025-10-26'),
('372188978695107', 'americanexpress', 'Bondon McCarle', '2023-12-25'),
('4017957577927', 'visa', 'Quintilla Ashenhurst', '2024-06-13'),
('374622453786963', 'americanexpress', 'Louisa Stapleford', '2024-10-15'),
('5335339068759270', 'mastercard', 'Julius Cheesman', '2026-07-24'),
('5108756093361019', 'mastercard', 'Gabriella Rannald', '2024-09-10'),
('5151697611230557', 'mastercard', 'Fletcher Lipgens', '2023-12-30'),
('4017952600766492', 'visa', 'Dorie Martygin', '2025-12-06'),
('4571578039229543', 'visa', 'Claudell Tukely', '2024-01-01'),
('5048371287853889', 'mastercard', 'Krishna Brecon', '2024-09-16'),
('4041373079975524', 'visa', 'Elspeth Hablot', '2024-09-18'),
('4041594910655', 'visa', 'Lane Kluger', '2023-11-29'),
('4041370754871', 'visa', 'Blair Maurice', '2025-10-08'),
('5354814170755768', 'mastercard', 'Hillary Proudlock', '2024-02-28'),
('337941375453924', 'americanexpress', 'Lynnette Lawler', '2025-04-19'),
('376306151000350', 'americanexpress', 'Dulce McPartling', '2024-05-24'),
('372301795698820', 'americanexpress', 'Jeth Westhoff', '2024-11-10'),
('5010129644628970', 'mastercard', 'Ame Wolstencroft', '2025-10-23'),
('4458914228347', 'visa', 'Ailina McGrey', '2026-06-08'),
('4017958799207', 'visa', 'Lief Ollarenshaw', '2026-02-11'),
('4017957825299435', 'visa', 'Dona De Robertis', '2026-03-24'),
('337941268900288', 'americanexpress', 'Jacinthe Haithwaite', '2025-06-12'),
('372492215082685', 'americanexpress', 'Ritchie Trass', '2025-08-06'),
('4657038846252', 'visa', 'Grannie Reedie', '2026-01-18'),
('5100148946842049', 'mastercard', 'Frederique Faber', '2024-03-19'),
('372301524481670', 'americanexpress', 'Zitella Vinecombe', '2024-08-06'),
('374283000010918', 'americanexpress', 'Jillana Mitskevich', '2023-11-16');

insert into Pagamento (Utente, Carta) values
(1,'374288754893757'),
(2,'4017951471242'),
(3,'374283477912844'),
(4,'374622586318692'),
(5,'4986243630446710'),
(6,'372301192414417'),
(7,'345209409485779'),
(8,'342539797063041'),
(9,'4758951481612'),
(10,'374283256486333'),
(11,'347054259058377'),
(12,'374622917874116'),
(13,'374622259074622'),
(14,'4041377648603798'),
(15,'4041591802731449'),
(16,'337941358963717'),
(17,'4616629465294'),
(18,'4041377889644998'),
(19,'4041590014788452'),
(20,'337941444402753'),
(21,'5048371135562591'),
(22,'5007662495196403'),
(23,'374622126376176'),
(24,'372301003720275'),
(25,'4629458354317482'),
(26,'374622453786963'),
(27,'4017950370254'),
(28,'4017954420847841'),
(29,'4041375635125'),
(30,'4017955938162'),
(31,'4052921243421'),
(32,'4017956571889'),
(33,'347855550502263'),
(34,'337941234248887'),
(35,'374288505049691'),
(36,'4041372143605794'),
(37,'4198083198729'),
(38,'372301257869984'),
(39,'4041377143832611'),
(40,'4041597717395451'),
(41,'374622917577735'),
(42,'4142375347735'),
(43,'5010125779476086'),
(44,'4041593003122'),
(45,'4041372880278'),
(46,'374288581415246'),
(47,'4041375762758034'),
(48,'374329969443531'),
(49,'5002359379450742'),
(50,'346677946417084'),
(51,'4017957825299435'),
(52,'342922426755791'),
(53,'4458914228347'),
(54,'4238016365118'),
(55,'372301499129866'),
(56,'4281093281188'),
(57,'374288325113917'),
(58,'4017953023611'),
(59,'4874001202351'),
(60,'5002357405516353'),
(61,'337941484595177'),
(62,'372301702364623'),
(63,'4017951686638062'),
(64,'374622227455788'),
(65,'377564956523583'),
(66,'374283803890151'),
(67,'374622315484229'),
(68,'4041597541846'),
(69,'5002356115101746'),
(70,'4041595498939935'),
(71,'341047877448471'),
(72,'5002354921125850'),
(73,'5007660966624523'),
(74,'5002359224427010'),
(75,'4041371129354'),
(76,'376526533819215'),
(77,'374288636864109'),
(78,'370278837191331'),
(79,'4041375289384082'),
(80,'4041592361044919'),
(81,'5002355577466704'),
(82,'5007669085158842'),
(83,'337941382673092'),
(84,'374283536270580'),
(85,'4195533676170134'),
(86,'4041593727575661'),
(87,'374622245831689'),
(88,'4377858595524966'),
(89,'4017955532635'),
(90,'4041596122571821'),
(91,'4041590789960005'),
(92,'4017958338600'),
(93,'346420239376851'),
(94,'376728654744558'),
(95,'4120257464578130'),
(96,'337941049609794'),
(97,'341604736815694'),
(98,'5007668469103101'),
(99,'371228828303204'),
(100,'337941177225280'),
(101,'4017957973936325'),
(102,'4017954016278278'),
(103,'374283991744293'),
(104,'4041373079975524'),
(105,'374622872633002'),
(106,'5010121870584043'),
(107,'4041595486986'),
(108,'374288471498419'),
(109,'374288009438226'),
(110,'4017959322629'),
(111,'4041373705814766'),
(112,'4017959067924019'),
(113,'337941629548537'),
(114,'372301208526964'),
(115,'4017950316940203'),
(116,'372301676767116'),
(117,'5007662995782421'),
(118,'5007660553065411'),
(119,'372301111907483'),
(120,'4017953217536'),
(121,'4017954038443629'),
(122,'374288734786501'),
(123,'4595239289988351'),
(124,'4041594041345'),
(125,'4041377714795'),
(126,'5002353250321700'),
(127,'374288920146734'),
(128,'372301524481670'),
(129,'372301911392563'),
(130,'337941373186450'),
(131,'372301945948943'),
(132,'372492215082685'),
(133,'374288910733848'),
(134,'4041370917362709'),
(135,'4017955049671'),
(136,'375344161400220'),
(137,'372301404112866'),
(138,'5048375643931412'),
(139,'4041370754871'),
(140,'5002351166213409'),
(141,'4062451505931297'),
(142,'4041374753903'),
(143,'4041590510939'),
(144,'374283761409374'),
(145,'337941048155591'),
(146,'4041591622816'),
(147,'374622552731795'),
(148,'5048371287853889'),
(149,'5010126083892380'),
(150,'372301578837462'),
(151,'4017952600766492'),
(152,'4041592369516'),
(153,'347436961027016'),
(154,'4943937498017370'),
(155,'337941351027841'),
(156,'5010129635058161'),
(157,'4017956793161957'),
(158,'4041595166012189'),
(159,'372301473146233'),
(160,'4521555605912778'),
(161,'374888641685819'),
(162,'4094142623429'),
(163,'4571578039229543'),
(164,'377958319998419'),
(165,'4041599390846'),
(166,'374288358461324'),
(167,'372301122245857'),
(168,'337941079924634'),
(169,'4622415507406767'),
(170,'337941626345234'),
(171,'4041590412522602'),
(172,'5010129644628970'),
(173,'4017955940473'),
(174,'5048375491586425'),
(175,'337941587645473'),
(176,'4017958854110600'),
(177,'346656312990973'),
(178,'337941740249718'),
(179,'4087199682785'),
(180,'4041593801948255'),
(181,'376655057641752'),
(182,'374288325952710'),
(183,'337941375453924'),
(184,'372188978695107'),
(185,'337941551691917'),
(186,'4041596295334767'),
(187,'4041377583950'),
(188,'5002354760577138'),
(189,'4017951026319'),
(190,'4041376468055097'),
(191,'4115912591194535'),
(192,'4041593545101708'),
(193,'4017957577927'),
(194,'4041378384562263'),
(195,'4041594910655'),
(196,'372301362032866'),
(197,'4657038846252'),
(198,'4499114943178'),
(199,'5010128462411352'),
(200,'337941690183230'),
(201,'4041590163942033'),
(202,'374283148776768'),
(203,'337941447666354'),
(204,'5002355773688093'),
(205,'5048377231392478'),
(206,'374283280607516'),
(207,'374288092538064'),
(208,'5007668283448500'),
(209,'337941268900288'),
(210,'379512010951306'),
(211,'4041597777242'),
(212,'372301256532609'),
(213,'372301795977711'),
(214,'4344735233307873'),
(215,'371161473159664'),
(216,'4735727189141'),
(217,'5048372733624155'),
(218,'4017959988478'),
(219,'374288746769198'),
(220,'374622714386504'),
(221,'374288002311131'),
(222,'5002355416049679'),
(223,'337941587581488'),
(224,'374283167426816'),
(225,'374283875800930'),
(226,'4601452696801'),
(227,'5002351403416070'),
(228,'374288687406990'),
(229,'343294099355542'),
(230,'5010128007944230'),
(231,'376306151000350'),
(232,'374283590209953'),
(233,'4017957938426'),
(234,'4041377152657'),
(235,'372301600409561'),
(236,'337941917689019'),
(237,'4041379577869580'),
(238,'4017958799207'),
(239,'4041590192935693'),
(240,'374283660047499'),
(241,'337941361890154'),
(242,'4041591966782337'),
(243,'4312536316925'),
(244,'379445647281559'),
(245,'374622776829896'),
(246,'4017953791381'),
(247,'337941321776055'),
(248,'5002351191046667'),
(249,'4064707929567472'),
(250,'4041371522758455'),
(251,'372301306653801'),
(252,'374288026571058'),
(253,'4176901646938356'),
(254,'372301367164045'),
(255,'374622301505805'),
(256,'374283644675837'),
(257,'4041599194483396'),
(258,'4017959767641'),
(259,'4569928044265368'),
(260,'372301795698820'),
(261,'4041594900948097'),
(262,'4041379464227280'),
(263,'4017951952381'),
(264,'5048374496158264'),
(265,'374622504343798'),
(266,'337941212213234'),
(267,'4041598717577'),
(268,'4041594994551377'),
(269,'372301055118873'),
(270,'374622744117796'),
(271,'374283752896613'),
(272,'4875150992433125'),
(273,'337941952432341'),
(274,'372301649158963'),
(275,'4017953656436'),
(276,'4150274283430'),
(277,'4161688846261401'),
(278,'337941929254067'),
(279,'4041373833057072'),
(280,'370624466234530'),
(281,'374283000010918'),
(282,'374288266107076'),
(283,'337941863635354'),
(284,'372301363448517'),
(285,'341702864778302'),
(286,'4302246532945'),
(287,'4041373276047'),
(288,'4041371668054'),
(289,'370692677867455'),
(290,'4017956460839778'),
(291,'4041594379059'),
(292,'374283343224234'),
(293,'4357924191950'),
(294,'4214473284811356'),
(295,'337941206450750'),
(296,'374288375369468'),
(297,'337941103421334'),
(298,'374622020937784'),
(299,'4990274149143864'),
(300,'4041591867346');

insert into Azienda (Partita_IVA, Nome, Mail, Telefono, Stato, CAP, Città, Via, Numero_Civico, Partner) values
('531427809922037', 'Roodel', 'lhenke0@123-reg.co.uk', '971-622-4579', 'IT', '00174', 'Roma', 'Kennedy', '3749', 'false'),
('601717329790856', 'Brainlounge', 'rblodg1@prlog.org', '203-349-2100', 'IT', '57124', 'Livorno', 'Straubel', '4807', 'true'),
('373260087898319', 'Teklist', 'lstuchbury2@ning.com', '514-875-4269', 'IT', '09124', 'Cagliari', 'Heath', '91', 'false'),
('060499640622201', 'Kazu', 'spitrelli3@netvibes.com', '727-133-3161', 'IT', '00185', 'Roma', 'Meadow Vale', '2', 'true'),
('290690935437488', 'Gabvine', 'hmarzello4@wikipedia.org', '934-621-7214', 'IT', '34129', 'Trieste', 'Loomis', '0', 'true'),
('496503426552201', 'Meezzy', 'rcovill5@ebay.co.uk', '577-405-7533', 'IT', '98146', 'Messina', 'Daystar', '4466', 'false'),
('873645134252931', 'Skippad', 'twinterton6@delicious.com', '519-342-4988', 'IT', '00163', 'Roma', 'Daystar', '90', 'true'),
('210976518349703', 'Buzzdog', 'ldye7@meetup.com', '655-130-9629', 'IT', '06124', 'Perugia', 'Hauk', '94208', 'false'),
('425869639982600', 'Yozio', 'lcolville8@telegraph.co.uk', '669-653-9652', 'IT', '37142', 'Verona', 'Myrtle', '9', 'false'),
('685120200722408', 'Realbuzz', 'frewcassell9@posterous.com', '582-427-3393', 'IT', '65129', 'Pescara', 'Texas', '4583', 'false'),
('603970756194331', 'Kwinu', 'kbelonea@arizona.edu', '404-784-6795', 'IT', '16146', 'Genova', 'Autumn Leaf', '5', 'false'),
('127642669707503', 'Twimbo', 'thinderb@surveymonkey.com', '327-172-1076', 'IT', '29010', 'Villanova', 'Lake View', '54', 'false'),
('487537313109488', 'Buzzdog', 'fhardiec@google.ca', '736-816-2886', 'IT', '60129', 'Ancona', 'Utah', '91', 'false'),
('172282314355080', 'Trudoo', 'jthrasherd@friendfeed.com', '276-645-6739', 'IT', '37129', 'Verona', 'Northport', '202', 'false'),
('513881860832026', 'Quinu', 'rgeibele@woothemes.com', '291-495-5102', 'IT', '00128', 'Roma', 'Anzinger', '00935', 'false'),
('881477172645826', 'Agivu', 'asentinellaf@eepurl.com', '488-863-9067', 'IT', '16157', 'Genova', 'John Wall', '9', 'false'),
('576303361096567', 'Zoonder', 'hdwelleyg@pen.io', '644-835-6969', 'IT', '20136', 'Milano', 'Jana', '5739', 'false'),
('687985882546509', 'Dablist', 'lmuslimh@uol.com.br', '353-393-0121', 'IT', '16146', 'Genova', 'Maple', '2003', 'false'),
('963027207728860', 'Photobug', 'ncannopi@miitbeian.gov.cn', '512-767-3160', 'IT', '50136', 'Firenze', 'Ridgeview', '08991', 'false'),
('639955298287875', 'Realfire', 'ggoublierj@columbia.edu', '288-907-4155', 'IT', '37129', 'Verona', 'Mcguire', '2', 'false'),
('285214349737036', 'Blogpad', 'marchbouldk@devhub.com', '490-984-8780', 'IT', '06124', 'Perugia', 'High Crossing', '12', 'false'),
('247665381751047', 'Twitterlist', 'bgeikiel@booking.com', '774-883-1740', 'IT', '00141', 'Roma', 'Mendota', '59', 'false'),
('855942333294193', 'Cogibox', 'hjosilevichm@skyrock.com', '802-839-0881', 'IT', '50124', 'Firenze', 'Arizona', '0161', 'false'),
('503142414158830', 'Quatz', 'bfroschn@nbcnews.com', '596-408-4753', 'IT', '25129', 'Brescia', 'Mcguire', '41367', 'true'),
('462466534763942', 'Flashdog', 'jmarquezo@tinyurl.com', '533-540-8486', 'IT', '80129', 'Napoli', 'Golf Course', '13', 'false'),
('131494242446953', 'Janyx', 'mmccaskillp@woothemes.com', '676-960-2798', 'IT', '16135', 'Genova', 'Oak Valley', '25304', 'false'),
('008163714520714', 'Demizz', 'miacobucciq@oracle.com', '882-556-0347', 'IT', '06124', 'Perugia', 'Trailsway', '4667', 'false'),
('624772070618641', 'Browsedrive', 'nyoellr@ning.com', '143-607-9238', 'IT', '90141', 'Palermo', 'Marquette', '2', 'false'),
('672061277760922', 'Avaveo', 'lschwandens@csmonitor.com', '801-812-7254', 'IT', '29010', 'Villanova', 'Lyons', '2', 'true'),
('479598171067534', 'Feedbug', 'bbeckhamt@ask.com', '325-727-6846', 'IT', '16157', 'Genova', 'Maywood', '59579', 'true'),
('859099684797147', 'Fivebridge', 'dweavillu@nytimes.com', '238-315-9389', 'IT', '00152', 'Roma', 'Sunbrook', '42921', 'false'),
('345644012604234', 'Dabtype', 'dvamplewv@feedburner.com', '415-497-9042', 'IT', '80141', 'Napoli', 'Scofield', '49', 'false'),
('808350780991593', 'Photobug', 'wleebeterw@nsw.gov.au', '380-522-9275', 'IT', '09124', 'Cagliari', 'Chive', '1952', 'false'),
('073286494964368', 'Gigashots', 'aleelex@google.cn', '547-203-7306', 'IT', '37142', 'Verona', 'Arapahoe', '7535', 'false'),
('766805834772950', 'Fliptune', 'cstophery@themeforest.net', '474-756-1225', 'IT', '50136', 'Firenze', 'Merchant', '11760', 'false'),
('721590419210872', 'Cogilith', 'ddickerz@delicious.com', '817-943-7391', 'IT', '10129', 'Torino', 'Derek', '3', 'false'),
('080805508450412', 'Dabvine', 'gmcgilvra10@4shared.com', '174-243-1344', 'IT', '20147', 'Milano', 'Golf', '393', 'false'),
('992923912909130', 'Voonder', 'fduckers11@wsj.com', '917-837-9218', 'IT', '00174', 'Roma', 'Mifflin', '5276', 'false'),
('001891403778512', 'Eidel', 'llucas12@clickbank.net', '652-258-0959', 'IT', '19139', 'Laspezia', 'Sachs', '8804', 'false'),
('624549285276502', 'Photolist', 'gcarefull13@dmoz.org', '364-772-4888', 'IT', '00152', 'Roma', 'Mayfield', '072', 'false'),
('690250389883439', 'Topicshots', 'alujan14@yelp.com', '311-786-8055', 'IT', '65129', 'Pescara', 'Dawn', '98', 'false'),
('342830113537484', 'Meeveo', 'nwhewell15@issuu.com', '566-635-1316', 'IT', '30175', 'Mestre', 'Sunnyside', '358', 'false'),
('334942215871362', 'Twinder', 'mpelman16@altervista.org', '971-534-9413', 'IT', '20136', 'Milano', 'Melody', '650', 'true'),
('357934859106787', 'Dabvine', 'evanderdaal17@columbia.edu', '834-533-0235', 'IT', '00128', 'Roma', 'Warner', '601', 'false'),
('527979559418195', 'Mybuzz', 'kgeary18@a8.net', '838-179-0118', 'IT', '37142', 'Verona', 'Stoughton', '5371', 'false'),
('072966627413181', 'Rhybox', 'afrangello19@google.es', '134-452-6528', 'IT', '16146', 'Genova', 'Moulton', '895', 'false'),
('225335702860653', 'Realbridge', 'kglison1a@unicef.org', '854-572-5788', 'IT', '16157', 'Genova', 'Merry', '72220', 'false'),
('181772006278539', 'Realcube', 'twise1b@zimbio.com', '276-623-3891', 'IT', '00128', 'Roma', 'Kings', '0636', 'false'),
('472156754919827', 'Twinte', 'ablewitt1c@g.co', '178-662-0035', 'IT', '80141', 'Napoli', 'Holy Cross', '6891', 'false'),
('748965810390889', 'Jaxnation', 'efernie1d@altervista.org', '870-456-8583', 'IT', '30132', 'Venezia', 'Roxbury', '79', 'false'),
('071428887029878', 'Bubbletube', 'jsearston1e@sitemeter.com', '950-279-0673', 'IT', '84135', 'Salerno', 'Raven', '1', 'false'),
('656519586845516', 'Voomm', 'ralmond1f@wiley.com', '137-699-4763', 'IT', '90141', 'Palermo', 'Melvin', '68', 'false'),
('999774202905125', 'Tazz', 'bmatejovsky1g@360.cn', '851-223-5924', 'IT', '80129', 'Napoli', 'Messerschmidt', '24', 'false'),
('988621189774940', 'Browseblab', 'owickersham1h@topsy.com', '197-515-3937', 'IT', '90129', 'Palermo', 'Welch', '8776', 'false'),
('213529336971337', 'Buzzster', 'gwiffield1i@dyndns.org', '365-779-2325', 'IT', '29010', 'Villanova', 'Muir', '0579', 'false'),
('089496815401529', 'Zoombeat', 'gnaton1j@meetup.com', '485-806-1681', 'IT', '00141', 'Roma', 'Gale', '121', 'false'),
('397418015378070', 'Voolia', 'apegden1k@loc.gov', '311-185-8825', 'IT', '19125', 'Laspezia', 'Myrtle', '75', 'false'),
('592687426215839', 'Oloo', 'tcogin1l@chron.com', '146-439-7345', 'IT', '00185', 'Roma', 'Sundown', '5', 'false'),
('445478635650345', 'Twitterlist', 'cgoulding1m@reference.com', '789-377-2512', 'IT', '06124', 'Perugia', 'Burrows', '44782', 'false'),
('456220718436409', 'Fliptune', 'bodowd1n@google.com', '229-628-6537', 'IT', '10152', 'Torino', 'Elmside', '9910', 'false'),
('901306054924779', 'Plajo', 'phalfhead1o@surveymonkey.com', '922-211-8469', 'IT', '20136', 'Milano', 'Straubel', '484', 'false'),
('993298279252810', 'Oyoba', 'wcushelly1p@prlog.org', '544-769-5611', 'IT', '20147', 'Milano', 'Sloan', '8636', 'false'),
('135399280878551', 'Livetube', 'potuohy1q@freewebs.com', '469-676-4228', 'IT', '37129', 'Verona', 'Center', '1304', 'true'),
('643238886852611', 'Feedfish', 'ahindmoor1r@dropbox.com', '783-588-7733', 'IT', '00152', 'Roma', 'Arrowood', '565', 'false'),
('325216333589493', 'Edgeify', 'gfolbige1s@devhub.com', '610-225-6840', 'IT', '20136', 'Milano', 'Lawn', '45666', 'true'),
('096795200074313', 'LiveZ', 'blawrence1t@xing.com', '541-552-3922', 'IT', '40128', 'Bologna', 'Sage', '098', 'false'),
('099148044264738', 'Photobug', 'ipoundsford1u@bloglovin.com', '830-791-3984', 'IT', '50124', 'Firenze', 'Riverside', '11754', 'false'),
('858486492986681', 'Twimm', 'vpilfold1v@squarespace.com', '684-720-9196', 'IT', '06124', 'Perugia', 'Eastlawn', '03731', 'false'),
('595922026275320', 'Buzzbean', 'ncantrill1w@paginegialle.it', '930-740-8194', 'IT', '50124', 'Firenze', 'Buena Vista', '101', 'false'),
('275713044716836', 'Zoombox', 'taxelbey1x@list-manage.com', '120-307-4709', 'IT', '30175', 'Mestre', 'Heffernan', '5475', 'false'),
('994689693025214', 'Jayo', 'hmartinec1y@imageshack.us', '182-984-4266', 'IT', '10152', 'Torino', 'Bobwhite', '3', 'false'),
('096839690866196', 'Flipbug', 'tmcelane1z@list-manage.com', '247-283-6730', 'IT', '84135', 'Salerno', 'Leroy', '5712', 'false'),
('367702236903888', 'Tagcat', 'bcufflin20@hubpages.com', '237-888-3915', 'IT', '37129', 'Verona', 'Becker', '25', 'true'),
('466998191608686', 'Kwideo', 'icrosskell21@utexas.edu', '268-720-5323', 'IT', '95123', 'Catania', 'Memorial', '9', 'false'),
('065177678469912', 'Npath', 'rhalesworth22@craigslist.org', '735-978-5244', 'IT', '40141', 'Bologna', 'Kropf', '402', 'true'),
('571938649369439', 'Tagpad', 'cbrewood23@hud.gov', '309-494-0731', 'IT', '00141', 'Roma', 'Orin', '1', 'false'),
('215657204066626', 'Jabbertype', 'anairy24@exblog.jp', '362-136-8199', 'IT', '00163', 'Roma', 'Hermina', '893', 'false'),
('817829553682982', 'Kazio', 'mruppel25@sphinn.com', '123-901-2906', 'IT', '10152', 'Torino', 'Michigan', '7270', 'false'),
('591236112092515', 'Photojam', 'gvauter26@a8.net', '831-888-6145', 'IT', '16146', 'Genova', 'Gulseth', '314', 'false'),
('604395787828754', 'Zoozzy', 'tkrabbe27@cam.ac.uk', '221-298-8987', 'IT', '50124', 'Firenze', 'Crownhardt', '21', 'false'),
('435665251698847', 'Zazio', 'hfalconer28@biglobe.ne.jp', '611-224-8122', 'IT', '20136', 'Milano', 'Sunfield', '115', 'false'),
('067351941316527', 'Ainyx', 'agennerich29@jiathis.com', '295-363-2632', 'IT', '20136', 'Milano', 'Meadow Vale', '88', 'false'),
('729955963754340', 'Photobug', 'mgwatkins2a@unesco.org', '989-599-2288', 'IT', '24129', 'Bergamo', 'Messerschmidt', '21785', 'false'),
('349438241815903', 'Digitube', 'lkingsnoad2b@cisco.com', '252-542-8941', 'IT', '34129', 'Trieste', 'East', '4', 'false'),
('560385489198253', 'Tekfly', 'pmarshland2c@posterous.com', '344-968-3376', 'IT', '00185', 'Roma', 'Northland', '55423', 'true'),
('243802610376334', 'Omba', 'ewaldocke2d@plala.or.jp', '507-722-5319', 'IT', '00174', 'Roma', 'West', '73102', 'true'),
('885825999666334', 'Kaymbo', 'bnairn2e@blog.com', '377-427-5325', 'IT', '98157', 'Messina', 'Moulton', '443', 'true'),
('005521820341513', 'Kare', 'cbronger2f@hubpages.com', '702-917-2340', 'IT', '50136', 'Firenze', 'Melrose', '36', 'true'),
('748445380929592', 'Viva', 'akilkenny2g@sciencedaily.com', '216-701-3939', 'IT', '00196', 'Roma', 'Fuller', '7', 'false'),
('516598874914144', 'Rooxo', 'vbowller2h@pcworld.com', '182-925-0571', 'IT', '89129', 'Reggio Calabria', 'Hallows', '622', 'false'),
('336433063996823', 'Livepath', 'lburbage2i@soundcloud.com', '271-148-2835', 'IT', '00163', 'Roma', 'Swallow', '38', 'false'),
('758678598587644', 'Lazzy', 'aingles2j@disqus.com', '587-993-7618', 'IT', '16135', 'Genova', 'Bluestem', '09', 'false'),
('962137459159321', 'Meedoo', 'glyman2k@edublogs.org', '852-303-8234', 'IT', '98146', 'Messina', 'Marquette', '5419', 'false'),
('079816711215829', 'Kaymbo', 'sfanstone2l@posterous.com', '428-695-3169', 'IT', '19139', 'Laspezia', 'Pepper Wood', '48028', 'false'),
('559376912808502', 'Tagpad', 'cbarnwell2m@xing.com', '188-896-1152', 'IT', '19139', 'Laspezia', 'Fieldstone', '35', 'false'),
('285484276763056', 'Linktype', 'ecluley2n@free.fr', '797-988-4216', 'IT', '16124', 'Genova', 'Manufacturers', '3', 'false'),
('617721842415404', 'Jaxbean', 'nrewcastle2o@thetimes.co.uk', '763-240-1734', 'IT', '16124', 'Genova', 'Cordelia', '55', 'false'),
('658203310256570', 'Quinu', 'emuehler2p@about.com', '865-290-9293', 'IT', '50136', 'Firenze', 'Ronald Regan', '97', 'false'),
('247490162581999', 'Aivee', 'bondrasek2q@latimes.com', '190-783-8560', 'IT', '16124', 'Genova', 'Milwaukee', '62', 'true'),
('392674649876377', 'Izio', 'scoster2r@google.de', '274-504-7516', 'IT', '98146', 'Messina', 'Macpherson', '97106', 'false'),
('402513611657459', 'Feedspan', 'lames2s@craigslist.org', '803-877-4431', 'IT', '20147', 'Milano', 'Linden', '7412', 'true'),
('310534282702412', 'Skibox', 'ikensall2t@google.com.hk', '836-443-0050', 'IT', '00196', 'Roma', 'Hoard', '50618', 'false'),
('634412958557683', 'Riffpedia', 'ssealy2u@si.edu', '714-372-2765', 'IT', '98168', 'Messina', 'Mcbride', '07845', 'false'),
('841259470792862', 'Snaptags', 'kduffin2v@bloglovin.com', '971-394-7002', 'IT', '37142', 'Verona', 'Nova', '3', 'false'),
('515711948185807', 'Youspan', 'ejorez2w@soundcloud.com', '418-113-0480', 'IT', '65129', 'Pescara', 'Northfield', '4', 'false'),
('892950379439304', 'Skyba', 'vtoun2x@symantec.com', '391-207-0917', 'IT', '98146', 'Messina', 'Sycamore', '35', 'false'),
('748760392523631', 'Skipstorm', 'gtrippett2y@ox.ac.uk', '273-608-0294', 'IT', '80141', 'Napoli', 'Bonner', '97434', 'false'),
('872230915044029', 'Edgeblab', 'lbruce2z@sun.com', '879-475-3907', 'IT', '10141', 'Torino', 'Coleman', '4', 'true'),
('390716247478779', 'Photofeed', 'lcharnock30@clickbank.net', '355-779-9160', 'IT', '24129', 'Bergamo', 'Steensland', '289', 'true'),
('497349398611432', 'Mydeo', 'mower31@exblog.jp', '644-835-9920', 'IT', '09124', 'Cagliari', 'Monica', '245', 'false'),
('292652114032419', 'Yata', 'ematley32@naver.com', '435-668-8817', 'IT', '00141', 'Roma', 'Mockingbird', '00730', 'true'),
('850787510145229', 'Rhyloo', 'djoye33@technorati.com', '558-916-7643', 'IT', '90141', 'Palermo', 'Ronald Regan', '2', 'true'),
('158068795044650', 'Buzzshare', 'asearight34@icq.com', '848-270-6011', 'IT', '09124', 'Cagliari', 'Old Gate', '256', 'false'),
('698374572905817', 'Zoomlounge', 'nvanhault35@taobao.com', '824-361-6270', 'IT', '84124', 'Salerno', 'Dorton', '396', 'false'),
('098930474232189', 'Demivee', 'rwalls36@bbc.co.uk', '880-850-2915', 'IT', '30132', 'Venezia', 'Schurz', '4201', 'true'),
('180974878409112', 'Tazzy', 'credsell37@msu.edu', '343-565-0326', 'IT', '16124', 'Genova', 'Miller', '09475', 'false'),
('929938278900050', 'Oyondu', 'tchristofle38@amazonaws.com', '709-462-7756', 'IT', '84124', 'Salerno', 'Mendota', '50843', 'false'),
('665172350540817', 'Fivebridge', 'zbourgaize39@pagesperso-orange.fr', '493-443-0075', 'IT', '35141', 'Padova', 'Sunbrook', '61714', 'false'),
('108209477891814', 'Kayveo', 'tcollet3a@independent.co.uk', '982-578-8307', 'IT', '80129', 'Napoli', 'Basil', '104', 'false'),
('876418132137505', 'Zoovu', 'ffaraker3b@umich.edu', '186-690-7254', 'IT', '65129', 'Pescara', 'Anniversary', '5776', 'false'),
('548826433556957', 'Quaxo', 'gjenken3c@bandcamp.com', '903-429-7294', 'IT', '16124', 'Genova', 'Cody', '09725', 'false'),
('671869691568684', 'Kaymbo', 'mpridie3d@bing.com', '722-675-2913', 'IT', '00152', 'Roma', 'Main', '6620', 'false'),
('470132066675976', 'Fadeo', 'jdoyle3e@wufoo.com', '117-933-9099', 'IT', '65129', 'Pescara', 'Kensington', '21700', 'false'),
('317184244658987', 'Mydo', 'kbranscombe3f@plala.or.jp', '933-773-9668', 'IT', '30175', 'Mestre', 'Burrows', '91', 'false'),
('875797155761627', 'Brainverse', 'bcore3g@icq.com', '941-251-5462', 'IT', '80141', 'Napoli', 'Drewry', '1823', 'false'),
('376953108602716', 'Myworks', 'gbroadfoot3h@acquirethisname.com', '321-922-6775', 'IT', '35129', 'Padova', 'Nancy', '68', 'false'),
('434740314048314', 'Dabtype', 'kpirrie3i@wired.com', '820-827-4607', 'IT', '30132', 'Venezia', 'Londonderry', '67673', 'false'),
('545473292889013', 'Avavee', 'kwofenden3j@salon.com', '615-581-4024', 'IT', '98124', 'Messina', 'Granby', '573', 'false'),
('670061432648221', 'Vidoo', 'asipson3k@techcrunch.com', '225-752-9854', 'IT', '80129', 'Napoli', 'Summer Ridge', '63173', 'true'),
('371941500139457', 'Eabox', 'droget3l@fastcompany.com', '732-548-4236', 'IT', '35141', 'Padova', 'Loeprich', '7', 'true'),
('912728136732241', 'Dabvine', 'uchree3m@naver.com', '808-907-7848', 'IT', '34129', 'Trieste', 'Northridge', '8', 'false'),
('912239971540691', 'Oozz', 'lfearnside3n@desdev.cn', '953-636-1358', 'IT', '20158', 'Milano', 'Drewry', '12', 'false'),
('028018538793169', 'DabZ', 'llairdcraig3o@networksolutions.com', '811-386-0098', 'IT', '20158', 'Milano', 'Gerald', '507', 'false'),
('039280588982136', 'Digitube', 'jwoolis3p@w3.org', '532-753-1758', 'IT', '00163', 'Roma', 'Oriole', '1', 'false'),
('773369995880311', 'Kwimbee', 'vbrend3q@myspace.com', '848-264-5047', 'IT', '98135', 'Messina', 'Helena', '51', 'false'),
('780843644098871', 'Mudo', 'edureden3r@oaic.gov.au', '465-380-9575', 'IT', '80129', 'Napoli', 'Fieldstone', '1', 'true'),
('518079619053448', 'Babbleopia', 'kgammidge3s@nifty.com', '547-213-9176', 'IT', '90129', 'Palermo', 'Grim', '40', 'false'),
('545608280210611', 'Wordware', 'giggo3t@dailymail.co.uk', '182-808-2032', 'IT', '34129', 'Trieste', 'Hoard', '750', 'true'),
('966034263365269', 'Ntag', 'hcalcut3u@mapquest.com', '978-305-2213', 'IT', '19139', 'Laspezia', 'Arkansas', '0', 'false'),
('288588760382980', 'Quire', 'plambal3v@nationalgeographic.com', '228-456-3737', 'IT', '84124', 'Salerno', 'Forster', '6020', 'false'),
('322767413404845', 'Yodel', 'amendoza3w@e-recht24.de', '330-510-9395', 'IT', '84135', 'Salerno', 'Kenwood', '20797', 'false'),
('658407045076431', 'Wordtune', 'efearns3x@t.co', '657-978-1569', 'IT', '10152', 'Torino', 'Raven', '7330', 'false'),
('947906711482631', 'Yamia', 'hdyson3y@xinhuanet.com', '801-840-1744', 'IT', '00152', 'Roma', 'Claremont', '420', 'false'),
('729769996555556', 'Demimbu', 'cwaddingham3z@icio.us', '492-494-0750', 'IT', '30175', 'Mestre', '5th', '741', 'false'),
('330285292441288', 'Jabbersphere', 'abealton40@twitpic.com', '474-758-1270', 'IT', '16157', 'Genova', 'Dwight', '3171', 'false'),
('570904151620545', 'Plajo', 'vdesvignes41@phoca.cz', '804-485-0567', 'IT', '34141', 'Trieste', 'Summerview', '49', 'false'),
('316727298518131', 'Yakidoo', 'jnaulls42@virginia.edu', '352-131-7649', 'IT', '16157', 'Genova', 'Carioca', '59', 'true'),
('668830293935339', 'Livepath', 'roake43@w3.org', '651-971-1642', 'IT', '09124', 'Cagliari', 'Straubel', '1', 'true'),
('095321642437579', 'Meevee', 'bensley44@tuttocitta.it', '570-645-9773', 'IT', '98168', 'Messina', 'Messerschmidt', '5974', 'false'),
('526805160763184', 'Lazz', 'gollerhad45@noaa.gov', '888-519-2411', 'IT', '00185', 'Roma', 'Cardinal', '2605', 'false'),
('014202601570682', 'Riffpedia', 'sgarratty46@tmall.com', '891-677-3331', 'IT', '10152', 'Torino', 'Bonner', '7364', 'true'),
('528081249442990', 'Babbleset', 'gdamato47@sphinn.com', '165-799-4182', 'IT', '30132', 'Venezia', 'Acker', '541', 'false'),
('503484075286950', 'Wordtune', 'pbonnyson48@elegantthemes.com', '720-458-9188', 'IT', '37142', 'Verona', 'Del Mar', '323', 'false'),
('164109891734763', 'Thoughtbridge', 'swetheril49@usa.gov', '108-985-3107', 'IT', '16135', 'Genova', 'Washington', '66550', 'false'),
('969982922564553', 'Lazzy', 'gnuss4a@liveinternet.ru', '154-941-0605', 'IT', '80141', 'Napoli', 'Namekagon', '7679', 'true'),
('934875620502213', 'Tagchat', 'fannes4b@ow.ly', '992-521-0474', 'IT', '57124', 'Livorno', 'Welch', '734', 'false'),
('229055736333552', 'Yotz', 'astrauss4c@nbcnews.com', '907-567-9254', 'IT', '65129', 'Pescara', 'Mayer', '7985', 'false'),
('698987987827752', 'Zazio', 'mpipkin4d@wp.com', '887-296-7460', 'IT', '98146', 'Messina', 'Farwell', '67053', 'false'),
('904242476108122', 'Kwinu', 'jgossart4e@histats.com', '382-371-4102', 'IT', '10129', 'Torino', 'Fulton', '54687', 'false'),
('020060588811254', 'Mynte', 'amacnish4f@ebay.co.uk', '901-905-9358', 'IT', '19139', 'Laspezia', 'Upham', '86311', 'false'),
('485104166813761', 'Omba', 'bonthank4g@state.tx.us', '827-651-6468', 'IT', '37142', 'Verona', 'Elgar', '6', 'true'),
('929887707512645', 'JumpXS', 'gpestridge4h@admin.ch', '622-243-7467', 'IT', '25129', 'Brescia', 'Forster', '2', 'false'),
('903015530831505', 'Digitube', 'lmcmichael4i@mlb.com', '704-777-8378', 'IT', '34129', 'Trieste', 'Duke', '3', 'false'),
('180938566282702', 'Linkbuzz', 'bbrill4j@rakuten.co.jp', '739-774-3295', 'IT', '65129', 'Pescara', 'Grover', '6649', 'false'),
('895660338449297', 'Thoughtblab', 'aleverich4k@furl.net', '271-351-5009', 'IT', '24129', 'Bergamo', 'Oriole', '141', 'false'),
('684572911635151', 'Roomm', 'spemble4l@auda.org.au', '660-704-1407', 'IT', '80141', 'Napoli', 'Scofield', '7466', 'false'),
('162049150386414', 'Youtags', 'oludgate4m@cnbc.com', '817-373-9818', 'IT', '40141', 'Bologna', 'Holmberg', '1', 'false'),
('520478618156926', 'Avamba', 'ntorvey4n@mediafire.com', '254-337-7462', 'IT', '84135', 'Salerno', 'Linden', '4', 'false'),
('843058565257338', 'Kwilith', 'ostickens4o@geocities.com', '168-147-0301', 'IT', '29010', 'Villanova', 'Valley Edge', '4212', 'true'),
('859485784570200', 'Browsezoom', 'tchin4p@nymag.com', '522-211-0145', 'IT', '00174', 'Roma', 'Hollow Ridge', '62', 'false'),
('941408440270364', 'Rhycero', 'akingman4q@youku.com', '252-193-3657', 'IT', '29010', 'Villanova', 'Meadow Valley', '81', 'false'),
('566480869533518', 'Voolia', 'squan4r@sun.com', '530-659-1983', 'IT', '10152', 'Torino', 'Center', '19434', 'false'),
('126689695868007', 'Yakitri', 'tclutterham4s@npr.org', '724-532-5536', 'IT', '84135', 'Salerno', 'David', '6456', 'false'),
('204972686989048', 'Divape', 'mkingsmill4t@1und1.de', '498-980-9038', 'IT', '20136', 'Milano', 'Mosinee', '74', 'false'),
('539262039003674', 'Mita', 'tessam4u@behance.net', '631-400-7630', 'IT', '00196', 'Roma', 'John Wall', '9', 'false'),
('194030035531306', 'Yata', 'dwiley4v@hubpages.com', '818-199-0816', 'IT', '30132', 'Venezia', 'Waxwing', '40392', 'true'),
('909859919821706', 'Voolia', 'gpetticrew4w@ca.gov', '633-378-0397', 'IT', '95123', 'Catania', 'Ridgeway', '7075', 'false'),
('226996209594852', 'Shuffledrive', 'formiston4x@harvard.edu', '743-191-8200', 'IT', '80141', 'Napoli', 'Kingsford', '33238', 'true'),
('325716346417429', 'Ainyx', 'klovett4y@cbslocal.com', '727-148-7723', 'IT', '16124', 'Genova', 'Northport', '90742', 'false'),
('619056711541738', 'Realfire', 'zvasyukhichev4z@biblegateway.com', '798-925-8930', 'IT', '40128', 'Bologna', 'Moland', '983', 'true'),
('992255406484802', 'Shuffledrive', 'cgoom50@ocn.ne.jp', '970-294-0137', 'IT', '10152', 'Torino', 'Dixon', '62994', 'false'),
('873616636127649', 'Vimbo', 'dbayford51@instagram.com', '723-863-6979', 'IT', '24129', 'Bergamo', 'Haas', '5', 'true'),
('845588233377022', 'Rhynoodle', 'ljollands52@e-recht24.de', '744-471-2796', 'IT', '80141', 'Napoli', 'Sauthoff', '453', 'true'),
('208656377346697', 'Flashspan', 'sponceford53@reverbnation.com', '543-848-2536', 'IT', '10141', 'Torino', 'Brentwood', '47', 'false'),
('115273960261284', 'Yacero', 'vmatson54@constantcontact.com', '229-346-1620', 'IT', '90129', 'Palermo', 'Shoshone', '49', 'false'),
('476476117254801', 'Twimbo', 'epottberry55@ihg.com', '326-793-0663', 'IT', '35141', 'Padova', 'Glendale', '56', 'false'),
('158182332943913', 'Skiba', 'mmoscrop56@huffingtonpost.com', '527-966-5663', 'IT', '34129', 'Trieste', 'Glendale', '8712', 'false'),
('091786336098200', 'Ailane', 'bwathan57@china.com.cn', '368-799-9650', 'IT', '20136', 'Milano', 'Ronald Regan', '5197', 'false'),
('980226864694415', 'Zoonder', 'sphillot58@merriam-webster.com', '306-646-3900', 'IT', '98157', 'Messina', 'Messerschmidt', '34698', 'false'),
('597420858537600', 'Rhyloo', 'owestcot59@t-online.de', '232-942-8135', 'IT', '90141', 'Palermo', 'Holy Cross', '87407', 'false'),
('518206059486241', 'Vipe', 'awelbelove5a@cam.ac.uk', '544-940-5582', 'IT', '16124', 'Genova', '8th', '535', 'false'),
('186778002677362', 'Riffpath', 'astocky5b@google.nl', '284-437-1586', 'IT', '80129', 'Napoli', 'Vidon', '9937', 'false'),
('822585897859023', 'Tagchat', 'cbrouncker5c@trellian.com', '479-381-3914', 'IT', '65129', 'Pescara', 'Sachs', '729', 'false'),
('811942063610701', 'Photobug', 'yburles5d@statcounter.com', '877-867-6729', 'IT', '00185', 'Roma', 'Aberg', '2', 'false'),
('958818691396583', 'Twimm', 'sfist5e@prweb.com', '928-423-8105', 'IT', '09124', 'Cagliari', 'Dorton', '265', 'false'),
('817473969657521', 'Yoveo', 'hsuarez5f@is.gd', '615-449-7896', 'IT', '00185', 'Roma', 'Cherokee', '9', 'true'),
('995297785104667', 'Divavu', 'bvarnam5g@google.de', '582-837-0714', 'IT', '30175', 'Mestre', 'Park Meadow', '1165', 'false'),
('531614659254320', 'Quatz', 'sroyall5h@youku.com', '285-395-3392', 'IT', '00185', 'Roma', 'Hauk', '101', 'false'),
('440472157522265', 'Realpoint', 'jmulcaster5i@studiopress.com', '685-173-4430', 'IT', '00196', 'Roma', 'Maryland', '5065', 'false'),
('897022299362797', 'Babbleblab', 'mbanyard5j@sbwire.com', '912-502-4398', 'IT', '50124', 'Firenze', 'Prairie Rose', '89636', 'false');

insert into Categoria (Nome) values
('Pantaloni'),
('Vestito'),
('Giacca'),
('Felpa'),
('Scarpe'),
('Cappello'),
('Borsa'),
('Orologio'),
('Gioiello'),
('Cintura'),
('Portafoglio'),
('Borsellino'),
('Gonna'),
('Pigiama'),
('Intimo'),
('Calze'),
('Mutande'),
('Reggiseno'),
('Tuta'),
('Trench'),
('Camicia'),
('Polo'),
('T-shirt'),
('Jeans'),
('Pantaloncini'),
('Giaccone'),
('Cappotto');

insert into Prodotto (ID, Nome, Prezzo, Limited, Azienda, Categoria, Recensione_media) values
(1, 'Walsh, Schroeder and Christiansen', 257.94, 'false', '099148044264738', 'Cappotto', 4.5),
(2, 'Quigley, Schoen and Hagenes', 289.04, 'false', '513881860832026', 'Jeans', 1.0),
(3, 'Mohr and Sons', 261.28, 'false', '226996209594852', 'Borsellino', 4.7),
(4, 'Christiansen-Fay', 153.82, 'false', '373260087898319', 'Pantaloncini', 2.3),
(5, 'Yundt, Wisozk and Dare', 24.24, 'true', '290690935437488', 'Gioiello', 4.8),
(6, 'Kiehn-Ankunding', 90.97, 'false', '748760392523631', 'Intimo', 0.3),
(7, 'Hills, Auer and Monahan', 463.78, 'false', '115273960261284', 'T-shirt', 2.2),
(8, 'Kemmer-Smith', 179.32, 'false', '592687426215839', 'Giacca', 1.9),
(9, 'Quitzon-Emmerich', 125.65, 'false', '213529336971337', 'Tuta', 4.0),
(10, 'Mueller, Schroeder and Schneider', 72.13, 'false', '485104166813761', 'Pigiama', 4.4),
(11, 'Bradtke-Gorczany', 389.28, 'false', '440472157522265', 'Giaccone', 4.0),
(12, 'Marvin-Ortiz', 464.40, 'true', '470132066675976', 'Mutande', 4.8),
(13, 'Mertz Group', 424.50, 'false', '597420858537600', 'Reggiseno', 2.3),
(14, 'Dietrich Group', 375.01, 'false', '275713044716836', 'Scarpe', 3.8),
(15, 'Heidenreich, Yost and Cummerata', 425.48, 'false', '285484276763056', 'Trench', 3.5),
(16, 'Hessel, Hettinger and Beier', 261.41, 'false', '028018538793169', 'Cappotto', 3.5),
(17, 'Jenkins, Botsford and Murray', 386.85, 'false', '670061432648221', 'Vestito', 1.8),
(18, 'Mueller LLC', 159.62, 'false', '014202601570682', 'Mutande', 2.6),
(19, 'Tillman-Barrows', 98.26, 'false', '322767413404845', 'Cappello', 4.5),
(20, 'Hilpert LLC', 25.08, 'false', '539262039003674', 'Giacca', 0.5),
(21, 'Hackett-Nitzsche', 251.12, 'true', '684572911635151', 'Calze', 4.3),
(22, 'Donnelly, Corwin and Zieme', 211.40, 'false', '397418015378070', 'Portafoglio', 0.4),
(23, 'Langworth, Greenfelder and Torp', 449.15, 'false', '096795200074313', 'Calze', 3.7),
(24, 'Windler, Dicki and Dooley', 145.40, 'false', '317184244658987', 'Camicia', 1.7),
(25, 'Durgan-Nitzsche', 427.79, 'false', '780843644098871', 'Pantaloni', 2.0),
(26, 'Balistreri-Herman', 321.28, 'false', '108209477891814', 'Cintura', 4.0),
(27, 'Koelpin-Friesen', 383.72, 'false', '571938649369439', 'Cappotto', 0.5),
(28, 'Johnston, Batz and Weissnat', 381.80, 'false', '080805508450412', 'Mutande', 4.2),
(29, 'Parker-Weber', 322.20, 'false', '325716346417429', 'Pantaloni', 0.4),
(30, 'Cruickshank-King', 238.62, 'false', '162049150386414', 'Mutande', 4.2),
(31, 'Crona Ltd', 387.18, 'false', '108209477891814', 'Scarpe', 3.3),
(32, 'McKenzie-Toy', 470.95, 'false', '526805160763184', 'Camicia', 2.1),
(33, 'Ferry PLC', 84.12, 'false', '672061277760922', 'Borsellino', 2.6),
(34, 'Nitzsche Ltd', 315.49, 'false', '349438241815903', 'Intimo', 3.6),
(35, 'Mosciski-Schoen', 121.20, 'false', '903015530831505', 'Orologio', 3.5),
(36, 'Terry, Green and Schroeder', 90.43, 'false', '091786336098200', 'Borsa', 3.6),
(37, 'Conroy, Kirlin and Bayer', 223.40, 'false', '342830113537484', 'Reggiseno', 3.6),
(38, 'Emmerich, Aufderhar and Russel', 66.51, 'false', '624772070618641', 'Pantaloni', 3.5),
(39, 'Raynor, Jacobson and Ortiz', 487.18, 'false', '748965810390889', 'Trench', 1.6),
(40, 'Leffler-Hauck', 20.50, 'false', '592687426215839', 'Polo', 4.5),
(41, 'Lueilwitz Inc', 366.80, 'false', '570904151620545', 'Orologio', 1.5),
(42, 'Wiza, Brekke and Kuhic', 287.21, 'false', '071428887029878', 'Reggiseno', 0.1),
(43, 'Haag Inc', 383.10, 'false', '336433063996823', 'Giaccone', 1.9),
(44, 'Friesen-Olson', 447.70, 'false', '135399280878551', 'Gonna', 4.2),
(45, 'Nicolas and Sons', 344.46, 'false', '901306054924779', 'Mutande', 4.6),
(46, 'Welch, Auer and Medhurst', 476.75, 'false', '897022299362797', 'Jeans', 4.9),
(47, 'Reilly-Witting', 409.22, 'false', '822585897859023', 'Scarpe', 2.9),
(48, 'Conner, Cartwright and Mayer', 328.43, 'false', '290690935437488', 'Vestito', 1.0),
(49, 'Little-Huels', 237.88, 'true', '470132066675976', 'Camicia', 4.1),
(50, 'Walter, Terry and Marvin', 181.22, 'false', '503484075286950', 'T-shirt', 0.1),
(51, 'Weimann-Deckow', 316.38, 'false', '858486492986681', 'Borsellino', 0.8),
(52, 'Koch Inc', 329.57, 'false', '980226864694415', 'Camicia', 2.1),
(53, 'Kshlerin-McGlynn', 336.06, 'false', '334942215871362', 'Giacca', 1.0),
(54, 'Crist Group', 49.66, 'true', '336433063996823', 'Portafoglio', 2.5),
(55, 'Pouros Inc', 318.46, 'false', '376953108602716', 'Pantaloni', 2.0),
(56, 'Pouros-Bogisich', 54.29, 'false', '316727298518131', 'Calze', 0.3),
(57, 'Erdman and Sons', 437.56, 'false', '531427809922037', 'Cintura', 2.1),
(58, 'Larson, Mertz and Stokes', 327.68, 'false', '091786336098200', 'Pantaloncini', 3.6),
(59, 'Borer, Dach and Dibbert', 29.23, 'false', '721590419210872', 'Polo', 3.5),
(60, 'Pollich, Schaefer and Kautzer', 155.04, 'false', '325216333589493', 'Cappotto', 0.4),
(61, 'Lubowitz Inc', 382.11, 'false', '181772006278539', 'Giacca', 4.6),
(62, 'Becker-Hodkiewicz', 85.54, 'false', '843058565257338', 'Trench', 2.5),
(63, 'Konopelski-Konopelski', 487.68, 'true', '515711948185807', 'Tuta', 0.4),
(64, 'Romaguera, Maggio and Beatty', 50.81, 'false', '643238886852611', 'Cappello', 1.6),
(65, 'Kautzer-Schimmel', 288.31, 'false', '310534282702412', 'Intimo', 1.0),
(66, 'Waters-Abbott', 231.44, 'true', '766805834772950', 'Orologio', 0.2),
(67, 'Adams, Hilpert and Hauck', 339.52, 'false', '958818691396583', 'Tuta', 4.6),
(68, 'Skiles, Fahey and Dickens', 347.96, 'false', '545608280210611', 'Gioiello', 4.5),
(69, 'Schneider PLC', 489.40, 'false', '885825999666334', 'Gioiello', 4.1),
(70, 'Bahringer, Stiedemann and Sporer', 436.72, 'false', '080805508450412', 'Tuta', 3.9),
(71, 'Herman Inc', 415.52, 'false', '526805160763184', 'Polo', 1.9),
(72, 'Schoen, Veum and Zulauf', 299.06, 'false', '180938566282702', 'Cintura', 1.8),
(73, 'Marks, Klein and Conn', 303.32, 'false', '999774202905125', 'Gioiello', 4.0),
(74, 'Bahringer-West', 30.59, 'true', '520478618156926', 'Pigiama', 1.9),
(75, 'Strosin, Rutherford and Hagenes', 136.66, 'false', '005521820341513', 'Borsellino', 0.5),
(76, 'Schamberger-Kassulke', 165.96, 'false', '243802610376334', 'Camicia', 0.9),
(77, 'Kulas-Hermann', 491.42, 'false', '497349398611432', 'Reggiseno', 1.1),
(78, 'Nicolas, Mante and Dickinson', 467.74, 'false', '275713044716836', 'Cintura', 1.1),
(79, 'Lebsack, Ratke and Runolfsdottir', 445.32, 'false', '472156754919827', 'Orologio', 0.3),
(80, 'Herzog LLC', 170.26, 'false', '098930474232189', 'Cappello', 3.2),
(81, 'Thiel-Kemmer', 225.98, 'false', '962137459159321', 'Vestito', 2.2),
(82, 'Terry-Terry', 199.49, 'false', '872230915044029', 'Cappello', 0.3),
(83, 'Nader, Bauch and Marks', 473.67, 'false', '690250389883439', 'Cappotto', 3.0),
(84, 'Kulas PLC', 225.46, 'true', '748760392523631', 'T-shirt', 4.0),
(85, 'Gutkowski, Little and Connell', 260.98, 'false', '440472157522265', 'Tuta', 2.3),
(86, 'Runolfsdottir, Leuschke and Kuvalis', 491.44, 'false', '316727298518131', 'Jeans', 1.2),
(87, 'Gutmann Group', 488.49, 'false', '067351941316527', 'Portafoglio', 3.0),
(88, 'Howe-Kub', 311.75, 'false', '748965810390889', 'Jeans', 1.1),
(89, 'Bailey, Gerhold and Mills', 24.41, 'false', '671869691568684', 'Borsa', 3.4),
(90, 'Howell, Lehner and Marks', 293.46, 'false', '643238886852611', 'Portafoglio', 4.6),
(91, 'Wisozk-O Keefe', 82.38, 'false', '462466534763942', 'Intimo', 0.5),
(92, 'Lueilwitz and Sons', 78.82, 'false', '912239971540691', 'Pigiama', 0.3),
(93, 'Morar-Wisoky', 327.47, 'false', '434740314048314', 'Felpa', 2.6),
(94, 'Cummings-Casper', 411.66, 'false', '912728136732241', 'Polo', 1.8),
(95, 'Smitham Group', 90.39, 'false', '060499640622201', 'Pigiama', 0.6),
(96, 'Jacobs-Dicki', 330.32, 'false', '518079619053448', 'Pantaloncini', 0.1),
(97, 'Carroll LLC', 488.88, 'false', '528081249442990', 'Cappotto', 3.2),
(98, 'Kreiger, Labadie and Gislason', 83.14, 'false', '845588233377022', 'Tuta', 2.3),
(99, 'Koss, Hammes and Von', 362.65, 'false', '528081249442990', 'Reggiseno', 2.0),
(100, 'Larson Inc', 497.14, 'false', '247665381751047', 'Reggiseno', 4.0),
(101, 'Morar-Hudson', 456.33, 'false', '684572911635151', 'Jeans', 2.5),
(102, 'Grimes, Borer and Breitenberg', 386.18, 'false', '855942333294193', 'Borsa', 4.5),
(103, 'Marquardt-Larson', 464.75, 'false', '591236112092515', 'Pigiama', 4.6),
(104, 'Ullrich, Heidenreich and Frami', 232.86, 'false', '601717329790856', 'Scarpe', 4.2),
(105, 'Trantow Ltd', 331.60, 'false', '617721842415404', 'Mutande', 2.4),
(106, 'Parker-Klein', 91.87, 'false', '213529336971337', 'Mutande', 2.3),
(107, 'Bode-Anderson', 144.10, 'false', '539262039003674', 'Trench', 1.7),
(108, 'Feil-Prohaska', 159.72, 'false', '758678598587644', 'Tuta', 2.5),
(109, 'Kohler and Sons', 320.92, 'false', '215657204066626', 'Orologio', 2.5),
(110, 'Willms-Kuphal', 273.50, 'false', '330285292441288', 'Felpa', 2.0),
(111, 'Baumbach LLC', 466.25, 'false', '247490162581999', 'Cappello', 3.6),
(112, 'Nitzsche-Rau', 257.27, 'false', '497349398611432', 'Gioiello', 0.9),
(113, 'Paucek Inc', 440.71, 'false', '566480869533518', 'Camicia', 3.2),
(114, 'Maggio-Pfeffer', 59.08, 'true', '988621189774940', 'Cappello', 3.9),
(115, 'Jenkins-Kilback', 220.08, 'true', '204972686989048', 'Scarpe', 4.9),
(116, 'Crist, Bernhard and Dickinson', 236.68, 'false', '966034263365269', 'Borsellino', 2.1),
(117, 'Kirlin, Mills and Lebsack', 382.42, 'false', '560385489198253', 'Calze', 2.1),
(118, 'Skiles-Cassin', 391.45, 'false', '658407045076431', 'T-shirt', 4.6),
(119, 'Walsh, Marks and Runolfsson', 262.59, 'false', '548826433556957', 'Borsa', 4.1),
(120, 'Kirlin, Labadie and Russel', 435.18, 'false', '656519586845516', 'Reggiseno', 2.4),
(121, 'Fritsch, Will and Altenwerth', 366.11, 'false', '503484075286950', 'Intimo', 4.1),
(122, 'Aufderhar-Kuhn', 479.73, 'false', '516598874914144', 'Orologio', 4.4),
(123, 'Runolfsdottir Inc', 443.00, 'false', '072966627413181', 'Gonna', 2.0),
(124, 'Kuvalis Group', 362.67, 'true', '748445380929592', 'Scarpe', 0.7),
(125, 'Monahan PLC', 479.84, 'false', '895660338449297', 'Intimo', 0.4),
(126, 'Heller-Stanton', 36.66, 'false', '658407045076431', 'Felpa', 3.3),
(127, 'Anderson-Wilkinson', 172.38, 'true', '729769996555556', 'Giaccone', 2.2),
(128, 'Lindgren-Dickens', 208.36, 'false', '158068795044650', 'Intimo', 4.3),
(129, 'Runte, Gaylord and Maggio', 416.48, 'false', '571938649369439', 'Pantaloncini', 1.1),
(130, 'Effertz-Roberts', 293.30, 'false', '520478618156926', 'Calze', 2.7),
(131, 'Kautzer PLC', 431.42, 'false', '164109891734763', 'Orologio', 4.1),
(132, 'Treutel, Jacobs and Bartell', 132.22, 'false', '164109891734763', 'Cappello', 1.9),
(133, 'Auer Group', 296.13, 'false', '008163714520714', 'Calze', 2.6),
(134, 'Gutmann-Smith', 314.30, 'false', '445478635650345', 'Gioiello', 1.7),
(135, 'Koch-Lakin', 374.97, 'false', '992255406484802', 'Cappotto', 3.7),
(136, 'Wunsch Inc', 368.42, 'false', '658203310256570', 'Scarpe', 4.6),
(137, 'Abernathy-Goyette', 140.43, 'false', '115273960261284', 'Felpa', 1.9),
(138, 'Donnelly-Hilpert', 387.14, 'false', '194030035531306', 'Reggiseno', 3.5),
(139, 'Pfannerstill, Nitzsche and Walsh', 451.69, 'false', '181772006278539', 'Polo', 4.3),
(140, 'Kohler, Reynolds and Lueilwitz', 345.05, 'false', '817473969657521', 'Portafoglio', 3.1),
(141, 'Bosco LLC', 154.82, 'true', '994689693025214', 'Giacca', 4.7),
(142, 'Quigley, Emmerich and Hauck', 220.02, 'false', '808350780991593', 'Pigiama', 4.7),
(143, 'Boyle, Koch and Mayert', 192.43, 'false', '098930474232189', 'Portafoglio', 2.9),
(144, 'Douglas, DuBuque and Moore', 207.49, 'false', '934875620502213', 'Scarpe', 0.9),
(145, 'Shanahan-Kunde', 433.54, 'false', '516598874914144', 'Vestito', 3.0),
(146, 'Hyatt, Greenfelder and Labadie', 324.85, 'false', '518079619053448', 'Borsa', 0.1),
(147, 'Cummerata-Dicki', 285.21, 'false', '435665251698847', 'Trench', 2.3),
(148, 'Haag, Bogisich and Ernser', 321.78, 'false', '639955298287875', 'Camicia', 0.1),
(149, 'Jast-O Kon', 71.78, 'false', '665172350540817', 'Trench', 3.2),
(150, 'Stracke, Gusikowski and Murray', 300.54, 'false', '518206059486241', 'Borsellino', 4.4),
(151, 'Shields-Fisher', 427.17, 'true', '548826433556957', 'Gonna', 2.9),
(152, 'Fritsch Group', 71.88, 'false', '658203310256570', 'Cintura', 3.1),
(153, 'Weimann-Hermann', 279.96, 'false', '131494242446953', 'Gioiello', 0.6),
(154, 'Balistreri, Collins and Grant', 285.26, 'false', '020060588811254', 'Cappello', 0.8),
(155, 'Murazik Inc', 116.20, 'true', '560385489198253', 'Jeans', 3.0),
(156, 'Hills-Littel', 315.02, 'false', '210976518349703', 'Jeans', 4.5),
(157, 'Will LLC', 445.26, 'false', '570904151620545', 'Cappello', 1.4),
(158, 'Daugherty-Keeling', 76.35, 'false', '665172350540817', 'Giacca', 4.3),
(159, 'Kunze, Spinka and Smith', 83.36, 'false', '604395787828754', 'Jeans', 0.2),
(160, 'Klocko Group', 74.19, 'false', '435665251698847', 'Giacca', 0.5),
(161, 'Heller Group', 308.82, 'false', '392674649876377', 'Polo', 1.7),
(162, 'Beer-Greenfelder', 205.84, 'true', '576303361096567', 'Pantaloni', 4.9),
(163, 'Ziemann-Schmidt', 285.48, 'false', '127642669707503', 'Giaccone', 3.0),
(164, 'McClure Ltd', 396.75, 'false', '758678598587644', 'Mutande', 2.5),
(165, 'Little-Hackett', 124.54, 'false', '285484276763056', 'Giacca', 4.1),
(166, 'Schneider-Upton', 32.20, 'false', '180974878409112', 'Pigiama', 1.8),
(167, 'Koch-Klein', 56.30, 'false', '172282314355080', 'Pantaloncini', 3.9),
(168, 'Shields-Murazik', 379.27, 'false', '371941500139457', 'Vestito', 1.9),
(169, 'Schmidt and Sons', 187.14, 'false', '462466534763942', 'Borsellino', 0.8),
(170, 'Mitchell, Wilkinson and Osinski', 304.17, 'false', '671869691568684', 'Gonna', 2.1),
(171, 'Okuneva-Cremin', 409.71, 'false', '208656377346697', 'Intimo', 3.4),
(172, 'Romaguera-Crist', 85.76, 'false', '357934859106787', 'Trench', 1.2),
(173, 'Kozey, Kunze and Casper', 438.21, 'false', '472156754919827', 'Cappello', 4.2),
(174, 'Miller Group', 253.21, 'false', '485104166813761', 'Felpa', 1.4),
(175, 'Jacobi-Emard', 443.28, 'false', '425869639982600', 'Cintura', 3.2),
(176, 'Herman LLC', 130.06, 'false', '656519586845516', 'Cappotto', 1.7),
(177, 'Anderson-Mills', 380.71, 'false', '402513611657459', 'Reggiseno', 3.5),
(178, 'Kemmer LLC', 93.43, 'true', '947906711482631', 'Trench', 1.5),
(179, 'Lang, Greenholt and Doyle', 268.91, 'false', '225335702860653', 'Borsa', 0.6),
(180, 'Schumm, Casper and Cummerata', 153.06, 'false', '929887707512645', 'Portafoglio', 3.0),
(181, 'Reichert, Kunde and Gerhold', 207.53, 'false', '531614659254320', 'Felpa', 2.9),
(182, 'Zemlak, Schroeder and Wolf', 112.95, 'true', '634412958557683', 'Pigiama', 4.7),
(183, 'Trantow-Nicolas', 161.22, 'false', '859485784570200', 'Camicia', 1.4),
(184, 'Emmerich, Walsh and Bahringer', 39.47, 'false', '841259470792862', 'T-shirt', 0.1),
(185, 'Schulist, Ondricka and Purdy', 330.77, 'false', '073286494964368', 'Intimo', 3.0),
(186, 'Funk, Goyette and Leffler', 325.54, 'false', '591236112092515', 'Felpa', 3.8),
(187, 'Simonis, Will and Aufderhar', 186.52, 'false', '127642669707503', 'Tuta', 4.5),
(188, 'Hahn and Sons', 295.50, 'false', '014202601570682', 'Camicia', 4.4),
(189, 'Baumbach-Larkin', 290.54, 'true', '721590419210872', 'Giacca', 0.6),
(190, 'Heaney, Boyer and Grimes', 474.61, 'false', '434740314048314', 'T-shirt', 4.1),
(191, 'Legros, Mann and Blick', 39.49, 'false', '729955963754340', 'Reggiseno', 4.1),
(192, 'Dietrich-Blick', 400.87, 'false', '487537313109488', 'Polo', 4.4),
(193, 'Brown-Waelchi', 230.55, 'false', '131494242446953', 'Vestito', 2.3),
(194, 'Kohler and Sons', 219.39, 'false', '073286494964368', 'T-shirt', 0.7),
(195, 'Abshire-Hermann', 60.26, 'false', '288588760382980', 'Tuta', 3.0),
(196, 'Ryan, Hackett and Roberts', 419.02, 'false', '135399280878551', 'Borsa', 1.5),
(197, 'Hermann, Sanford and Hermiston', 283.52, 'false', '668830293935339', 'Giaccone', 0.7),
(198, 'Maggio, Jacobson and Bins', 210.84, 'false', '325216333589493', 'Pantaloncini', 2.0),
(199, 'Kshlerin, Moore and Rutherford', 81.32, 'true', '859099684797147', 'Calze', 3.9),
(200, 'Marvin, Lakin and Kutch', 372.37, 'false', '909859919821706', 'Pantaloni', 1.4),
(201, 'McKenzie Ltd', 336.76, 'false', '028018538793169', 'Pantaloncini', 4.5),
(202, 'Schultz, Kerluke and Wunsch', 300.81, 'false', '817829553682982', 'Reggiseno', 2.9),
(203, 'Effertz-Buckridge', 457.86, 'false', '624549285276502', 'Borsa', 0.8),
(204, 'Goldner, Wiegand and Harber', 195.89, 'false', '367702236903888', 'Mutande', 3.6),
(205, 'Lebsack-Will', 45.17, 'false', '373260087898319', 'Borsa', 0.0),
(206, 'Ratke-Tillman', 466.54, 'false', '345644012604234', 'Scarpe', 1.2),
(207, 'Beatty-Bailey', 405.95, 'false', '624549285276502', 'Pantaloncini', 1.5),
(208, 'Cruickshank and Sons', 45.06, 'false', '210976518349703', 'Trench', 4.8),
(209, 'Hagenes, Davis and Franecki', 181.26, 'true', '527979559418195', 'Cappello', 4.9),
(210, 'Stoltenberg-Prohaska', 174.69, 'false', '095321642437579', 'Pantaloni', 2.0),
(211, 'Schamberger, Parisian and Dietrich', 76.19, 'false', '243802610376334', 'Polo', 2.7),
(212, 'Gulgowski, Little and O Keefe', 396.07, 'false', '639955298287875', 'Polo', 5.0),
(213, 'Weimann and Sons', 185.20, 'false', '904242476108122', 'Pantaloncini', 4.1),
(214, 'Marquardt, Mayer and Cummerata', 166.73, 'false', '322767413404845', 'Orologio', 0.6),
(215, 'O Connell-Zieme', 259.07, 'false', '162049150386414', 'Camicia', 1.8),
(216, 'Schroeder and Sons', 465.60, 'false', '518206059486241', 'Pantaloni', 2.7),
(217, 'Cruickshank Group', 436.80, 'true', '325716346417429', 'Cintura', 1.4),
(218, 'Koss-Pfannerstill', 428.53, 'true', '390716247478779', 'Pigiama', 0.4),
(219, 'Gerhold-Ratke', 370.96, 'false', '194030035531306', 'Gioiello', 4.9),
(220, 'Jacobson-Hartmann', 320.96, 'false', '929938278900050', 'Reggiseno', 4.6),
(221, 'Schumm, Metz and Miller', 270.66, 'false', '065177678469912', 'Polo', 1.0),
(222, 'O Hara-Littel', 37.06, 'false', '288588760382980', 'Giaccone', 4.8),
(223, 'Kuhic PLC', 311.97, 'false', '285214349737036', 'Felpa', 1.1),
(224, 'Wisoky, Nicolas and Rodriguez', 109.64, 'false', '367702236903888', 'Tuta', 2.6),
(225, 'Davis, Gulgowski and Prohaska', 378.16, 'false', '875797155761627', 'Felpa', 5.0),
(226, 'Gulgowski LLC', 53.52, 'false', '687985882546509', 'Orologio', 3.8),
(227, 'Mohr, Schmidt and Muller', 153.88, 'false', '487537313109488', 'Giacca', 3.7),
(228, 'Lynch-Dach', 241.66, 'true', '292652114032419', 'Gonna', 4.7),
(229, 'Simonis PLC', 480.81, 'false', '158068795044650', 'Borsellino', 1.8),
(230, 'Hermann-Parker', 97.64, 'false', '096795200074313', 'Pigiama', 0.8),
(231, 'Hermann-Wintheiser', 452.92, 'false', '229055736333552', 'Calze', 3.1),
(232, 'West-Wunsch', 376.80, 'false', '672061277760922', 'Intimo', 1.0),
(233, 'Rodriguez-Witting', 466.52, 'false', '067351941316527', 'Giaccone', 2.3),
(234, 'Weber, Murazik and Weber', 186.86, 'true', '071428887029878', 'Gioiello', 1.5),
(235, 'Cummings and Sons', 182.84, 'false', '001891403778512', 'Borsa', 1.9),
(236, 'Rau-Effertz', 34.09, 'false', '334942215871362', 'Polo', 0.7),
(237, 'Maggio, McDermott and Corwin', 237.65, 'false', '941408440270364', 'T-shirt', 2.6),
(238, 'Durgan, Littel and Kautzer', 296.82, 'false', '208656377346697', 'T-shirt', 0.7),
(239, 'Walter-Sawayn', 72.20, 'false', '748445380929592', 'Gonna', 4.1),
(240, 'Buckridge-Dare', 460.86, 'false', '619056711541738', 'Orologio', 2.9),
(241, 'Kris-Hermann', 72.93, 'false', '247665381751047', 'Cappotto', 4.6),
(242, 'Barton Inc', 387.32, 'false', '531427809922037', 'Scarpe', 2.8),
(243, 'Yundt-Paucek', 337.22, 'false', '670061432648221', 'Gioiello', 3.2),
(244, 'Howe PLC', 483.66, 'false', '039280588982136', 'Cintura', 2.6),
(245, 'McCullough-Quigley', 235.81, 'false', '390716247478779', 'Calze', 0.5),
(246, 'Prohaska-Ratke', 33.05, 'false', '476476117254801', 'Pantaloncini', 0.2),
(247, 'Quitzon-Jaskolski', 342.39, 'true', '603970756194331', 'Intimo', 2.1),
(248, 'Conn, Schimmel and Sipes', 477.94, 'false', '215657204066626', 'Vestito', 2.0),
(249, 'Powlowski-Connelly', 268.62, 'false', '545473292889013', 'Giaccone', 2.4),
(250, 'O Reilly, Johnson and Boyer', 83.15, 'false', '089496815401529', 'Vestito', 3.2),
(251, 'Olson PLC', 57.12, 'false', '095321642437579', 'Borsellino', 0.5),
(252, 'Douglas-Hills', 149.38, 'true', '229055736333552', 'Pigiama', 3.8),
(253, 'White, White and Predovic', 108.33, 'false', '527979559418195', 'Portafoglio', 2.1),
(254, 'Frami and Sons', 274.48, 'false', '617721842415404', 'Tuta', 0.6),
(255, 'Murray, Torphy and Runolfsdottir', 280.65, 'false', '001891403778512', 'Gonna', 1.4),
(256, 'Hudson and Sons', 159.64, 'false', '531614659254320', 'T-shirt', 1.0),
(257, 'Glover, Padberg and Kuvalis', 97.59, 'false', '634412958557683', 'Calze', 4.5),
(258, 'Dickens, Hamill and Beatty', 257.85, 'false', '247490162581999', 'Portafoglio', 3.6),
(259, 'Wilderman-Farrell', 464.21, 'false', '226996209594852', 'Pantaloni', 0.3),
(260, 'King Ltd', 344.12, 'false', '204972686989048', 'Gonna', 4.4),
(261, 'Effertz Inc', 84.34, 'false', '180974878409112', 'Felpa', 2.9),
(262, 'Amore, Spencer and Ullrich', 396.07, 'false', '619056711541738', 'Vestito', 0.9),
(263, 'Haley-Boyer', 180.22, 'true', '158182332943913', 'Jeans', 1.7),
(264, 'Bechtelar, Schoen and Dare', 440.21, 'false', '072966627413181', 'Scarpe', 0.2),
(265, 'Russel-Ullrich', 145.97, 'false', '969982922564553', 'Calze', 2.7),
(266, 'Goldner-Oberbrunner', 339.69, 'false', '126689695868007', 'Trench', 0.6),
(267, 'Cremin, McCullough and Dickens', 459.01, 'false', '292652114032419', 'Borsa', 1.5),
(268, 'Lynch PLC', 77.54, 'false', '698374572905817', 'Pantaloni', 4.8),
(269, 'Carroll, Rempel and Kerluke', 288.49, 'false', '317184244658987', 'Mutande', 2.6),
(270, 'Frami-Greenholt', 459.20, 'false', '005521820341513', 'Intimo', 0.2),
(271, 'Cummerata-Rohan', 466.59, 'false', '285214349737036', 'T-shirt', 4.2),
(272, 'Jerde LLC', 98.15, 'false', '698374572905817', 'Cintura', 0.5),
(273, 'Block Inc', 161.64, 'false', '089496815401529', 'Orologio', 3.8),
(274, 'Heller-Wehner', 28.94, 'false', '020060588811254', 'Orologio', 2.0),
(275, 'Hartmann-Orn', 208.46, 'false', '559376912808502', 'Borsellino', 2.9),
(276, 'Bogan-Hermiston', 357.50, 'false', '466998191608686', 'Jeans', 2.2),
(277, 'Rau-Rolfson', 398.49, 'false', '687985882546509', 'Cappello', 3.7),
(278, 'Herman Inc', 34.87, 'false', '698987987827752', 'Felpa', 2.8),
(279, 'O Keefe and Sons', 22.99, 'false', '668830293935339', 'Tuta', 2.5),
(280, 'Schoen LLC', 240.32, 'false', '595922026275320', 'Portafoglio', 4.4),
(281, 'Gibson-Haag', 127.83, 'false', '873616636127649', 'Cappotto', 0.2),
(282, 'Dickinson Ltd', 122.08, 'false', '186778002677362', 'Portafoglio', 0.6),
(283, 'Morissette, Kertzmann and Waelchi', 41.54, 'false', '402513611657459', 'Cappotto', 0.5),
(284, 'Schneider, Donnelly and Weimann', 483.00, 'false', '099148044264738', 'Reggiseno', 0.2),
(285, 'Marks, Kuvalis and Denesik', 479.16, 'false', '466998191608686', 'Calze', 2.6),
(286, 'Heaney-Schaden', 339.32, 'false', '357934859106787', 'Jeans', 0.7),
(287, 'McDermott, Kuhic and Kuhic', 265.40, 'false', '566480869533518', 'Mutande', 4.2),
(288, 'Nienow PLC', 401.43, 'false', '515711948185807', 'Mutande', 4.7),
(289, 'Labadie-VonRueden', 291.86, 'false', '186778002677362', 'Giaccone', 0.6),
(290, 'Grant-Harris', 135.67, 'false', '065177678469912', 'Giacca', 1.6),
(291, 'Ernser, Krajcik and Quigley', 360.94, 'false', '603970756194331', 'T-shirt', 1.7),
(292, 'Walter, Franecki and Reichert', 246.49, 'false', '545473292889013', 'Tuta', 2.5),
(293, 'Parker-Reichert', 31.94, 'false', '342830113537484', 'Gioiello', 0.4),
(294, 'Cartwright and Sons', 386.05, 'false', '079816711215829', 'Trench', 1.3),
(295, 'Marquardt-Predovic', 58.61, 'true', '376953108602716', 'Borsellino', 0.3),
(296, 'Crist PLC', 104.77, 'false', '685120200722408', 'Mutande', 2.5),
(297, 'Hand, Herman and Hansen', 28.43, 'true', '811942063610701', 'Polo', 0.7),
(298, 'Kling and Sons', 312.17, 'false', '873645134252931', 'Cintura', 2.0),
(299, 'Kertzmann, Lockman and Jaskolski', 165.49, 'false', '963027207728860', 'Borsa', 2.8),
(300, 'Altenwerth LLC', 245.33, 'false', '096839690866196', 'Polo', 4.6),
(301, 'Dare, Denesik and Klocko', 389.66, 'true', '513881860832026', 'Trench', 2.4),
(302, 'Kovacek Group', 212.83, 'false', '345644012604234', 'Gonna', 1.9),
(303, 'Shields PLC', 393.73, 'false', '079816711215829', 'Jeans', 2.8),
(304, 'Kirlin, Thompson and Bahringer', 214.75, 'false', '008163714520714', 'Jeans', 0.7),
(305, 'Kerluke-Lowe', 358.81, 'false', '330285292441288', 'Pigiama', 0.4),
(306, 'Wisozk-Hermiston', 271.62, 'false', '595922026275320', 'Giaccone', 3.8),
(307, 'Hintz, Hessel and Murray', 113.22, 'true', '624772070618641', 'Borsellino', 2.5),
(308, 'Donnelly-Schuster', 438.39, 'false', '158182332943913', 'Calze', 0.5),
(309, 'Gottlieb Inc', 117.97, 'false', '397418015378070', 'Cappello', 3.9),
(310, 'Berge, Crooks and Hickle', 482.57, 'false', '993298279252810', 'Felpa', 0.2),
(311, 'Tremblay-Breitenberg', 127.01, 'false', '729769996555556', 'Portafoglio', 3.7),
(312, 'Dach and Sons', 211.01, 'false', '456220718436409', 'Gonna', 3.0),
(313, 'Nicolas Group', 240.05, 'false', '503142414158830', 'Gonna', 1.0),
(314, 'Weissnat Group', 95.24, 'false', '690250389883439', 'Pantaloncini', 4.4),
(315, 'Kshlerin, Botsford and Goldner', 433.36, 'false', '039280588982136', 'Pantaloni', 2.0),
(316, 'Brown and Sons', 229.15, 'false', '559376912808502', 'Intimo', 4.2),
(317, 'Haag, Bailey and Mayer', 269.94, 'false', '892950379439304', 'Gonna', 1.6),
(318, 'Smitham Inc', 24.01, 'false', '576303361096567', 'Cintura', 1.3),
(319, 'Powlowski, Hagenes and Schroeder', 283.59, 'false', '476476117254801', 'Cappotto', 1.4),
(320, 'Howell, Abernathy and Cartwright', 200.83, 'false', '995297785104667', 'Giaccone', 3.0),
(321, 'Rutherford, Robel and Abbott', 197.06, 'false', '601717329790856', 'Gonna', 1.4),
(322, 'Wuckert Ltd', 123.92, 'false', '597420858537600', 'Gioiello', 3.7),
(323, 'Yundt PLC', 379.83, 'false', '310534282702412', 'Borsellino', 1.2),
(324, 'Rippin, Hirthe and Kuhn', 262.47, 'false', '685120200722408', 'Camicia', 1.8),
(325, 'Rohan-Marquardt', 104.40, 'false', '126689695868007', 'Giacca', 0.4),
(326, 'Lockman, Keebler and Satterfield', 369.17, 'false', '850787510145229', 'Vestito', 3.0),
(327, 'Abshire PLC', 121.65, 'false', '503142414158830', 'Scarpe', 0.5),
(328, 'Spencer-DuBuque', 200.24, 'false', '876418132137505', 'Giacca', 4.3),
(329, 'Beier, Cremin and Kling', 414.48, 'false', '172282314355080', 'Cappotto', 0.7),
(330, 'Bogan Ltd', 368.16, 'false', '604395787828754', 'Trench', 2.7),
(331, 'Bogan Group', 263.46, 'false', '773369995880311', 'Pantaloncini', 1.2),
(332, 'Collins, Graham and Dooley', 24.85, 'false', '992923912909130', 'Cintura', 4.7),
(333, 'Rosenbaum PLC', 248.92, 'false', '445478635650345', 'Vestito', 4.4),
(334, 'Bergnaum LLC', 397.41, 'false', '180938566282702', 'Pantaloni', 3.7),
(335, 'Funk, Bruen and Wolf', 247.64, 'false', '371941500139457', 'Orologio', 3.7),
(336, 'Nader, Bauch and Lindgren', 237.59, 'false', '456220718436409', 'Borsa', 3.4),
(337, 'Blanda PLC', 325.00, 'false', '060499640622201', 'Felpa', 4.4),
(338, 'Bayer, Carroll and Anderson', 400.47, 'false', '392674649876377', 'Camicia', 0.1),
(339, 'Corkery Group', 485.17, 'false', '729955963754340', 'Gioiello', 2.0),
(340, 'Yundt, Legros and Metz', 154.64, 'false', '496503426552201', 'Portafoglio', 1.3),
(341, 'Wilkinson Group', 416.49, 'false', '479598171067534', 'Cintura', 2.5),
(342, 'Harvey and Sons', 358.31, 'false', '479598171067534', 'Pantaloni', 2.2),
(343, 'Koss-Kihn', 144.65, 'false', '425869639982600', 'Scarpe', 1.5),
(344, 'Connelly PLC', 325.74, 'false', '545608280210611', 'Vestito', 4.3),
(345, 'Erdman-Cole', 309.74, 'false', '096839690866196', 'Camicia', 4.5),
(346, 'VonRueden, Kilback and Schowalter', 40.50, 'false', '881477172645826', 'Giaccone', 3.8),
(347, 'Kertzmann, Fadel and Kassulke', 274.49, 'true', '349438241815903', 'T-shirt', 4.6),
(348, 'Anderson, Christiansen and Sporer', 362.37, 'true', '698987987827752', 'Pigiama', 3.2),
(349, 'Turcotte, Schaden and Schowalter', 99.74, 'false', '225335702860653', 'Pantaloncini', 4.1),
(350, 'Schaden-Harris', 379.98, 'false', '496503426552201', 'Giaccone', 2.8);

insert into Orario (Azienda, Data, Orario_Aperta, Orario_Chiusa) values
('001891403778512','2023-08-03','03:52:15','16:57:08'),
('001891403778512','2023-08-03','19:47:16','00:05:57'),
('001891403778512','2023-08-04','10:34:23','02:12:53'),
('005521820341513','2023-08-03','11:27:33','00:25:22'),
('005521820341513','2023-08-03','16:46:01','06:57:53'),
('005521820341513','2023-08-04','04:40:44','01:42:17'),
('008163714520714','2023-08-03','14:12:05','23:18:08'),
('008163714520714','2023-08-03','22:46:52','16:54:11'),
('008163714520714','2023-08-04','05:00:24','13:00:31'),
('014202601570682','2023-08-03','11:06:42','11:40:58'),
('014202601570682','2023-08-04','00:10:38','14:01:24'),
('014202601570682','2023-08-04','05:18:46','02:23:52'),
('020060588811254','2023-08-03','06:22:40','17:26:31'),
('020060588811254','2023-08-04','10:07:56','19:22:54'),
('020060588811254','2023-08-04','15:39:19','13:26:26'),
('028018538793169','2023-08-03','18:00:10','13:04:35'),
('028018538793169','2023-08-03','20:46:14','16:33:54'),
('028018538793169','2023-08-04','09:35:30','15:53:03'),
('039280588982136','2023-08-02','18:17:23','07:54:37'),
('039280588982136','2023-08-03','00:33:27','01:22:24'),
('039280588982136','2023-08-04','06:04:17','06:08:13'),
('060499640622201','2023-08-03','10:54:44','09:30:55'),
('060499640622201','2023-08-03','13:24:40','04:16:00'),
('060499640622201','2023-08-04','21:16:29','11:56:37'),
('065177678469912','2023-08-03','01:05:06','03:28:46'),
('065177678469912','2023-08-03','17:29:32','21:14:46'),
('065177678469912','2023-08-03','18:59:46','13:00:59'),
('067351941316527','2023-08-03','01:14:00','11:52:31'),
('067351941316527','2023-08-03','06:13:18','11:30:15'),
('067351941316527','2023-08-04','12:52:40','23:21:55'),
('071428887029878','2023-08-03','13:01:04','08:50:14'),
('071428887029878','2023-08-04','17:37:20','04:10:30'),
('071428887029878','2023-08-04','22:13:01','19:10:28'),
('072966627413181','2023-08-02','04:43:41','06:18:40'),
('072966627413181','2023-08-02','23:57:30','15:15:17'),
('072966627413181','2023-08-03','13:33:03','22:59:40'),
('073286494964368','2023-08-03','05:28:41','23:25:21'),
('073286494964368','2023-08-04','15:22:13','20:52:10'),
('073286494964368','2023-08-04','19:36:17','22:19:54'),
('079816711215829','2023-08-02','03:17:41','01:41:30'),
('079816711215829','2023-08-02','11:18:30','02:35:44'),
('079816711215829','2023-08-03','11:34:19','07:36:13'),
('080805508450412','2023-08-03','01:16:11','10:24:58'),
('080805508450412','2023-08-04','12:10:19','13:18:27'),
('080805508450412','2023-08-04','17:52:11','05:02:26'),
('089496815401529','2023-08-04','07:05:06','09:22:36'),
('089496815401529','2023-08-04','20:47:14','04:25:57'),
('089496815401529','2023-08-04','22:18:43','23:35:06'),
('091786336098200','2023-08-03','10:41:36','08:35:42'),
('091786336098200','2023-08-03','10:51:58','13:53:46'),
('091786336098200','2023-08-03','15:35:38','04:35:56'),
('095321642437579','2023-08-03','23:19:00','22:44:41'),
('095321642437579','2023-08-04','06:34:16','08:10:48'),
('095321642437579','2023-08-04','14:07:11','09:28:52'),
('096795200074313','2023-08-02','20:42:55','19:21:07'),
('096795200074313','2023-08-03','06:54:26','01:02:58'),
('096795200074313','2023-08-04','01:29:25','05:32:39'),
('096839690866196','2023-08-02','05:09:18','12:29:31'),
('096839690866196','2023-08-03','07:26:43','17:08:31'),
('096839690866196','2023-08-04','20:11:24','03:08:30'),
('098930474232189','2023-08-02','13:45:25','18:11:46'),
('098930474232189','2023-08-03','23:41:44','03:11:15'),
('098930474232189','2023-08-04','21:25:20','05:52:48'),
('099148044264738','2023-08-03','05:00:02','12:17:51'),
('099148044264738','2023-08-03','09:33:08','13:00:11'),
('099148044264738','2023-08-04','02:43:37','21:18:13'),
('108209477891814','2023-08-03','05:13:30','19:35:59'),
('108209477891814','2023-08-04','09:41:37','22:51:27'),
('108209477891814','2023-08-04','19:00:39','22:01:36'),
('115273960261284','2023-08-02','12:22:51','14:35:33'),
('115273960261284','2023-08-03','03:35:37','12:14:20'),
('115273960261284','2023-08-03','12:18:44','00:17:24'),
('126689695868007','2023-08-02','14:56:58','18:17:03'),
('126689695868007','2023-08-03','06:28:11','03:55:36'),
('126689695868007','2023-08-03','18:17:58','20:48:03'),
('127642669707503','2023-08-03','02:10:20','01:11:22'),
('127642669707503','2023-08-04','07:41:35','14:35:30'),
('127642669707503','2023-08-04','17:18:51','17:01:48'),
('131494242446953','2023-08-03','05:56:13','15:38:45'),
('131494242446953','2023-08-04','14:58:06','18:44:44'),
('131494242446953','2023-08-04','17:44:38','23:12:28'),
('135399280878551','2023-08-03','07:03:50','15:10:29'),
('135399280878551','2023-08-03','11:18:12','14:51:57'),
('135399280878551','2023-08-03','21:29:10','03:01:55'),
('158068795044650','2023-08-03','13:18:41','14:54:26'),
('158068795044650','2023-08-04','11:59:43','12:32:46'),
('158068795044650','2023-08-04','18:38:08','00:08:56'),
('158182332943913','2023-08-03','05:09:56','08:47:17'),
('158182332943913','2023-08-04','04:44:01','13:12:53'),
('158182332943913','2023-08-04','08:52:22','22:29:38'),
('162049150386414','2023-08-02','08:40:24','07:53:55'),
('162049150386414','2023-08-03','03:05:20','02:30:17'),
('162049150386414','2023-08-03','22:31:05','04:36:43'),
('164109891734763','2023-08-02','14:31:14','09:33:13'),
('164109891734763','2023-08-04','09:53:11','05:56:20'),
('164109891734763','2023-08-04','17:53:00','05:58:00'),
('172282314355080','2023-08-02','11:22:35','14:26:20'),
('172282314355080','2023-08-03','04:50:26','03:25:10'),
('172282314355080','2023-08-03','17:06:02','12:10:02'),
('180938566282702','2023-08-03','00:48:33','07:22:12'),
('180938566282702','2023-08-04','05:40:13','16:24:07'),
('180938566282702','2023-08-04','14:19:56','05:11:43'),
('180974878409112','2023-08-02','07:44:04','02:09:37'),
('180974878409112','2023-08-02','17:01:12','07:26:46'),
('180974878409112','2023-08-04','13:00:18','07:11:23'),
('181772006278539','2023-08-03','02:14:28','13:39:47'),
('181772006278539','2023-08-03','22:31:04','23:15:52'),
('181772006278539','2023-08-04','11:50:41','21:13:22'),
('186778002677362','2023-08-03','08:16:02','21:51:31'),
('186778002677362','2023-08-03','08:42:25','18:21:29'),
('186778002677362','2023-08-03','19:38:31','13:11:00'),
('194030035531306','2023-08-02','21:54:16','06:53:35'),
('194030035531306','2023-08-03','06:38:56','21:18:42'),
('194030035531306','2023-08-03','13:23:59','22:45:56'),
('204972686989048','2023-08-02','17:42:14','09:10:38'),
('204972686989048','2023-08-03','20:29:46','21:57:39'),
('204972686989048','2023-08-03','23:24:10','15:40:19'),
('208656377346697','2023-08-04','03:02:23','17:09:50'),
('208656377346697','2023-08-04','14:40:07','14:33:07'),
('208656377346697','2023-08-04','18:51:02','23:50:12'),
('210976518349703','2023-08-03','10:53:49','16:59:18'),
('210976518349703','2023-08-03','18:08:41','15:43:39'),
('210976518349703','2023-08-04','22:30:31','04:57:24'),
('213529336971337','2023-08-03','23:13:55','15:45:59'),
('213529336971337','2023-08-04','05:09:12','23:57:56'),
('213529336971337','2023-08-04','20:18:43','10:47:48'),
('215657204066626','2023-08-03','06:34:58','01:31:34'),
('215657204066626','2023-08-03','07:59:42','00:21:59'),
('215657204066626','2023-08-03','12:49:25','10:15:29'),
('225335702860653','2023-08-03','09:18:42','16:12:18'),
('225335702860653','2023-08-03','11:57:01','08:01:44'),
('225335702860653','2023-08-03','22:53:02','18:15:58'),
('226996209594852','2023-08-02','02:36:42','04:31:24'),
('226996209594852','2023-08-03','10:49:18','21:13:56'),
('226996209594852','2023-08-04','16:50:09','14:16:47'),
('229055736333552','2023-08-02','22:56:58','15:31:15'),
('229055736333552','2023-08-03','09:34:38','09:46:38'),
('229055736333552','2023-08-04','08:09:44','22:39:33'),
('243802610376334','2023-08-03','20:03:53','20:17:59'),
('243802610376334','2023-08-03','22:01:59','17:18:34'),
('243802610376334','2023-08-04','14:50:10','16:56:03'),
('247490162581999','2023-08-02','16:25:34','17:26:02'),
('247490162581999','2023-08-03','01:31:31','12:16:49'),
('247490162581999','2023-08-03','05:00:42','14:50:56'),
('247665381751047','2023-08-03','22:57:53','00:33:48'),
('247665381751047','2023-08-04','03:48:13','04:39:45'),
('247665381751047','2023-08-04','08:53:25','22:55:09'),
('275713044716836','2023-08-03','07:02:31','23:02:42'),
('275713044716836','2023-08-03','19:32:52','11:40:49'),
('275713044716836','2023-08-04','12:49:00','14:16:18'),
('285214349737036','2023-08-03','16:00:14','23:43:26'),
('285214349737036','2023-08-04','03:18:02','18:57:52'),
('285214349737036','2023-08-04','22:05:36','17:50:10'),
('285484276763056','2023-08-02','15:35:27','00:22:20'),
('285484276763056','2023-08-03','00:13:27','01:19:00'),
('285484276763056','2023-08-04','13:00:08','08:35:50'),
('288588760382980','2023-08-03','00:59:43','08:30:31'),
('288588760382980','2023-08-03','03:48:07','00:09:35'),
('288588760382980','2023-08-04','09:15:27','10:30:29'),
('290690935437488','2023-08-03','22:42:13','17:54:44'),
('290690935437488','2023-08-04','16:03:56','15:29:13'),
('290690935437488','2023-08-04','23:50:01','13:47:02'),
('292652114032419','2023-08-02','04:09:10','19:28:55'),
('292652114032419','2023-08-03','03:41:32','07:28:06'),
('292652114032419','2023-08-04','03:11:48','07:05:27'),
('310534282702412','2023-08-03','17:01:51','09:40:35'),
('310534282702412','2023-08-04','07:31:06','23:36:19'),
('310534282702412','2023-08-04','19:57:55','13:33:44'),
('316727298518131','2023-08-03','17:34:22','20:21:18'),
('316727298518131','2023-08-03','23:26:11','20:52:16'),
('316727298518131','2023-08-04','21:04:12','09:11:44'),
('317184244658987','2023-08-02','02:54:06','08:05:15'),
('317184244658987','2023-08-03','14:48:41','22:34:41'),
('317184244658987','2023-08-04','19:49:05','12:01:44'),
('322767413404845','2023-08-03','14:27:49','10:12:17'),
('322767413404845','2023-08-04','09:32:17','19:16:20'),
('322767413404845','2023-08-04','12:30:04','20:44:20'),
('325216333589493','2023-08-02','07:43:17','08:52:44'),
('325216333589493','2023-08-03','03:34:36','11:41:35'),
('325216333589493','2023-08-03','06:12:55','08:47:55'),
('325716346417429','2023-08-02','03:35:55','08:34:08'),
('325716346417429','2023-08-03','14:41:52','23:42:26'),
('325716346417429','2023-08-04','12:28:40','05:37:19'),
('330285292441288','2023-08-03','07:22:54','21:10:20'),
('330285292441288','2023-08-03','10:46:34','11:06:51'),
('330285292441288','2023-08-04','02:09:04','09:38:39'),
('334942215871362','2023-08-02','17:09:00','10:50:22'),
('334942215871362','2023-08-03','17:16:22','05:56:31'),
('334942215871362','2023-08-04','00:11:54','13:26:44'),
('336433063996823','2023-08-03','01:03:56','01:52:24'),
('336433063996823','2023-08-03','20:23:41','15:54:07'),
('336433063996823','2023-08-03','22:05:32','00:46:23'),
('342830113537484','2023-08-03','00:33:50','21:08:04'),
('342830113537484','2023-08-03','04:24:43','12:06:40'),
('342830113537484','2023-08-03','13:51:10','05:06:19'),
('345644012604234','2023-08-02','14:39:47','07:35:45'),
('345644012604234','2023-08-03','09:17:23','07:24:08'),
('345644012604234','2023-08-03','21:09:16','03:11:49'),
('349438241815903','2023-08-03','00:56:40','06:27:10'),
('349438241815903','2023-08-03','16:49:39','08:33:06'),
('349438241815903','2023-08-04','07:47:24','16:59:38'),
('357934859106787','2023-08-03','11:16:49','01:18:03'),
('357934859106787','2023-08-03','23:05:19','00:55:45'),
('357934859106787','2023-08-04','10:09:32','14:21:50'),
('367702236903888','2023-08-02','05:59:22','23:40:26'),
('367702236903888','2023-08-03','10:16:57','11:21:54'),
('367702236903888','2023-08-03','21:57:33','16:14:48'),
('371941500139457','2023-08-03','20:32:29','22:03:18'),
('371941500139457','2023-08-03','20:55:41','07:19:32'),
('371941500139457','2023-08-04','11:17:48','00:35:51'),
('373260087898319','2023-08-03','03:03:00','06:21:33'),
('373260087898319','2023-08-04','04:25:06','08:18:35'),
('373260087898319','2023-08-04','04:57:41','02:47:19'),
('376953108602716','2023-08-02','00:16:47','14:01:17'),
('376953108602716','2023-08-02','09:37:13','16:00:23'),
('376953108602716','2023-08-03','22:32:53','16:53:00'),
('390716247478779','2023-08-03','11:22:59','15:50:55'),
('390716247478779','2023-08-04','12:37:45','00:36:37'),
('390716247478779','2023-08-04','20:37:04','05:54:20'),
('392674649876377','2023-08-02','03:49:06','02:56:20'),
('392674649876377','2023-08-03','06:51:05','16:56:21'),
('392674649876377','2023-08-03','09:06:28','07:38:18'),
('397418015378070','2023-08-04','00:30:06','15:55:27'),
('397418015378070','2023-08-04','01:58:26','22:26:53'),
('397418015378070','2023-08-04','18:28:00','00:48:45'),
('402513611657459','2023-08-03','06:45:09','02:26:57'),
('402513611657459','2023-08-04','22:49:15','14:09:40'),
('402513611657459','2023-08-04','22:52:07','19:00:53'),
('425869639982600','2023-08-03','08:45:02','02:42:44'),
('425869639982600','2023-08-03','19:50:20','13:47:53'),
('425869639982600','2023-08-04','01:36:43','08:54:14'),
('434740314048314','2023-08-03','05:56:48','16:37:00'),
('434740314048314','2023-08-04','00:53:10','23:59:28'),
('434740314048314','2023-08-04','09:11:20','19:44:19'),
('435665251698847','2023-08-03','00:39:03','05:05:46'),
('435665251698847','2023-08-03','13:27:15','05:55:59'),
('435665251698847','2023-08-04','07:42:51','17:41:32'),
('440472157522265','2023-08-03','04:30:50','18:27:59'),
('440472157522265','2023-08-03','13:00:22','10:20:25'),
('440472157522265','2023-08-04','01:55:22','18:30:55'),
('445478635650345','2023-08-02','06:22:55','04:49:30'),
('445478635650345','2023-08-02','16:22:33','22:53:27'),
('445478635650345','2023-08-03','21:32:09','03:54:45'),
('456220718436409','2023-08-02','23:47:35','12:16:54'),
('456220718436409','2023-08-03','06:46:11','18:52:47'),
('456220718436409','2023-08-04','05:05:09','19:01:32'),
('462466534763942','2023-08-03','08:00:01','11:39:24'),
('462466534763942','2023-08-03','23:37:15','11:05:57'),
('462466534763942','2023-08-04','06:14:32','20:52:43'),
('466998191608686','2023-08-02','05:53:09','04:44:45'),
('466998191608686','2023-08-04','04:20:37','18:48:10'),
('466998191608686','2023-08-04','19:23:02','03:30:52'),
('470132066675976','2023-08-02','06:33:23','07:21:03'),
('470132066675976','2023-08-03','01:05:34','21:53:20'),
('470132066675976','2023-08-04','18:59:52','19:41:13'),
('472156754919827','2023-08-02','00:53:08','08:49:12'),
('472156754919827','2023-08-03','00:28:29','21:04:20'),
('472156754919827','2023-08-03','20:29:44','14:13:48'),
('476476117254801','2023-08-03','07:06:07','11:09:13'),
('476476117254801','2023-08-04','05:24:45','14:57:23'),
('476476117254801','2023-08-04','22:33:03','02:11:43'),
('479598171067534','2023-08-02','14:50:58','14:04:52'),
('479598171067534','2023-08-03','09:32:14','10:05:01'),
('479598171067534','2023-08-03','22:11:03','20:51:06'),
('485104166813761','2023-08-02','23:23:13','07:20:51'),
('485104166813761','2023-08-03','17:44:06','12:02:30'),
('485104166813761','2023-08-04','10:22:50','17:31:21'),
('487537313109488','2023-08-03','00:24:05','23:39:31'),
('487537313109488','2023-08-04','04:32:18','23:21:00'),
('487537313109488','2023-08-04','04:58:55','03:27:55'),
('496503426552201','2023-08-04','02:01:20','21:23:33'),
('496503426552201','2023-08-04','18:22:25','04:46:44'),
('496503426552201','2023-08-04','21:36:34','18:26:09'),
('497349398611432','2023-08-02','05:35:52','17:36:24'),
('497349398611432','2023-08-02','17:21:25','10:15:29'),
('497349398611432','2023-08-04','01:37:53','14:23:46'),
('503142414158830','2023-08-03','05:08:48','23:06:22'),
('503142414158830','2023-08-03','12:37:24','04:42:49'),
('503142414158830','2023-08-03','12:53:29','06:42:58'),
('503484075286950','2023-08-02','19:41:39','14:28:19'),
('503484075286950','2023-08-03','06:41:06','13:17:47'),
('503484075286950','2023-08-04','00:13:36','14:55:08'),
('513881860832026','2023-08-02','22:45:12','14:17:03'),
('513881860832026','2023-08-03','08:16:19','22:17:03'),
('513881860832026','2023-08-04','17:12:58','17:40:04'),
('515711948185807','2023-08-02','23:42:23','12:01:06'),
('515711948185807','2023-08-03','12:19:43','15:00:20'),
('515711948185807','2023-08-03','12:37:37','22:17:42'),
('516598874914144','2023-08-03','18:52:39','06:01:11'),
('516598874914144','2023-08-04','07:10:12','09:45:54'),
('516598874914144','2023-08-04','16:07:39','00:32:33'),
('518079619053448','2023-08-03','17:13:13','01:16:22'),
('518079619053448','2023-08-03','22:47:04','23:46:41'),
('518079619053448','2023-08-04','16:29:32','01:33:49'),
('518206059486241','2023-08-04','01:23:37','07:30:52'),
('518206059486241','2023-08-04','03:08:13','09:32:33'),
('518206059486241','2023-08-04','09:36:35','16:03:06'),
('520478618156926','2023-08-02','00:56:48','03:03:16'),
('520478618156926','2023-08-03','00:06:24','15:03:52'),
('520478618156926','2023-08-03','18:24:13','15:29:23'),
('526805160763184','2023-08-03','01:48:10','01:00:39'),
('526805160763184','2023-08-03','03:51:15','01:42:01'),
('526805160763184','2023-08-03','15:32:15','17:37:41'),
('527979559418195','2023-08-04','10:48:18','00:22:51'),
('527979559418195','2023-08-04','18:39:13','10:07:02'),
('527979559418195','2023-08-04','20:30:22','09:59:53'),
('528081249442990','2023-08-03','11:31:42','01:40:07'),
('528081249442990','2023-08-03','11:51:37','01:49:03'),
('528081249442990','2023-08-03','19:14:13','20:53:59'),
('531427809922037','2023-08-02','07:01:51','23:10:01'),
('531427809922037','2023-08-03','09:20:36','16:34:11'),
('531427809922037','2023-08-03','17:55:41','16:58:03'),
('531614659254320','2023-08-03','06:38:07','23:09:23'),
('531614659254320','2023-08-03','20:23:44','11:59:18'),
('531614659254320','2023-08-04','01:39:14','18:05:41'),
('539262039003674','2023-08-03','20:25:27','16:29:35'),
('539262039003674','2023-08-03','23:24:11','02:43:09'),
('539262039003674','2023-08-04','03:31:50','07:46:16'),
('545473292889013','2023-08-02','22:44:36','19:04:08'),
('545473292889013','2023-08-04','01:48:07','00:23:57'),
('545473292889013','2023-08-04','21:13:07','21:25:26'),
('545608280210611','2023-08-03','00:19:31','05:08:43'),
('545608280210611','2023-08-04','07:30:28','01:27:04'),
('545608280210611','2023-08-04','12:06:17','10:57:26'),
('548826433556957','2023-08-02','00:51:42','01:50:20'),
('548826433556957','2023-08-02','19:39:57','10:55:45'),
('548826433556957','2023-08-03','11:27:45','01:34:56'),
('559376912808502','2023-08-03','04:18:57','17:16:15'),
('559376912808502','2023-08-03','07:24:00','19:44:15'),
('559376912808502','2023-08-03','07:26:12','12:41:35'),
('560385489198253','2023-08-02','08:59:23','06:28:12'),
('560385489198253','2023-08-04','10:21:07','09:54:06'),
('560385489198253','2023-08-04','23:18:22','05:17:19'),
('566480869533518','2023-08-02','06:28:22','19:51:09'),
('566480869533518','2023-08-04','09:59:19','03:24:49'),
('566480869533518','2023-08-04','11:45:42','19:26:35'),
('570904151620545','2023-08-03','08:04:04','05:34:08'),
('570904151620545','2023-08-03','14:11:37','10:20:03'),
('570904151620545','2023-08-03','16:43:03','03:03:57'),
('571938649369439','2023-08-02','08:42:38','02:21:20'),
('571938649369439','2023-08-02','19:46:49','03:37:16'),
('571938649369439','2023-08-03','14:10:12','21:15:33'),
('576303361096567','2023-08-02','06:55:56','12:11:45'),
('576303361096567','2023-08-02','20:32:32','11:11:08'),
('576303361096567','2023-08-03','22:21:07','00:23:17'),
('591236112092515','2023-08-03','22:18:50','03:08:21'),
('591236112092515','2023-08-04','01:11:19','16:24:08'),
('591236112092515','2023-08-04','02:14:30','18:12:49'),
('592687426215839','2023-08-02','07:24:48','08:42:52'),
('592687426215839','2023-08-03','19:14:07','20:00:34'),
('592687426215839','2023-08-04','11:51:31','13:40:33'),
('595922026275320','2023-08-02','06:14:49','11:13:16'),
('595922026275320','2023-08-04','05:59:34','17:25:58'),
('595922026275320','2023-08-04','23:05:21','05:38:01'),
('597420858537600','2023-08-02','14:57:04','23:51:05'),
('597420858537600','2023-08-03','13:17:33','16:06:39'),
('597420858537600','2023-08-04','09:03:48','14:56:27'),
('601717329790856','2023-08-03','03:22:54','05:31:46'),
('601717329790856','2023-08-04','01:02:29','05:19:45'),
('601717329790856','2023-08-04','18:21:32','06:08:10'),
('603970756194331','2023-08-03','23:42:30','01:10:10'),
('603970756194331','2023-08-04','09:46:05','07:53:54'),
('603970756194331','2023-08-04','12:22:26','10:36:38'),
('604395787828754','2023-08-03','05:40:33','20:46:25'),
('604395787828754','2023-08-04','01:22:00','08:02:42'),
('604395787828754','2023-08-04','12:16:24','22:28:50'),
('617721842415404','2023-08-02','03:10:03','14:28:18'),
('617721842415404','2023-08-03','14:21:16','18:17:49'),
('617721842415404','2023-08-03','15:41:43','11:14:46'),
('619056711541738','2023-08-02','00:00:27','03:01:26'),
('619056711541738','2023-08-03','20:39:24','18:04:43'),
('619056711541738','2023-08-04','20:41:02','16:05:34'),
('624549285276502','2023-08-02','11:05:09','03:37:48'),
('624549285276502','2023-08-03','21:33:25','13:56:40'),
('624549285276502','2023-08-04','12:47:45','04:34:18'),
('624772070618641','2023-08-03','15:17:29','16:05:42'),
('624772070618641','2023-08-03','19:06:11','06:00:54'),
('624772070618641','2023-08-04','10:25:05','02:53:03'),
('634412958557683','2023-08-03','07:08:24','09:24:50'),
('634412958557683','2023-08-03','21:01:31','10:42:48'),
('634412958557683','2023-08-04','19:31:04','07:47:06'),
('639955298287875','2023-08-03','19:11:00','17:50:12'),
('639955298287875','2023-08-03','21:51:38','13:09:12'),
('639955298287875','2023-08-04','20:18:22','02:00:09'),
('643238886852611','2023-08-02','09:06:31','00:53:14'),
('643238886852611','2023-08-02','14:46:46','07:39:30'),
('643238886852611','2023-08-03','00:18:55','02:48:07'),
('656519586845516','2023-08-04','17:29:19','08:56:35'),
('656519586845516','2023-08-04','19:27:09','03:13:31'),
('656519586845516','2023-08-04','22:00:18','09:42:09'),
('658203310256570','2023-08-04','08:00:09','16:10:42'),
('658203310256570','2023-08-04','17:56:57','20:56:53'),
('658203310256570','2023-08-04','20:55:28','17:03:08'),
('658407045076431','2023-08-03','04:25:07','07:56:13'),
('658407045076431','2023-08-03','17:34:58','11:08:43'),
('658407045076431','2023-08-03','19:03:55','06:23:05'),
('665172350540817','2023-08-02','07:18:52','22:34:06'),
('665172350540817','2023-08-03','06:21:39','12:59:08'),
('665172350540817','2023-08-04','16:10:53','21:03:22'),
('668830293935339','2023-08-04','12:31:32','12:00:59'),
('668830293935339','2023-08-04','12:54:53','06:32:17'),
('668830293935339','2023-08-04','19:13:23','03:12:17'),
('670061432648221','2023-08-03','04:27:54','19:55:57'),
('670061432648221','2023-08-03','21:58:00','10:45:12'),
('670061432648221','2023-08-04','01:10:31','04:19:29'),
('671869691568684','2023-08-02','06:46:38','22:13:54'),
('671869691568684','2023-08-02','16:03:46','18:26:05'),
('671869691568684','2023-08-03','13:57:03','00:41:15'),
('672061277760922','2023-08-02','01:21:05','04:55:42'),
('672061277760922','2023-08-03','08:50:01','21:54:33'),
('672061277760922','2023-08-03','12:43:26','05:40:31'),
('684572911635151','2023-08-02','05:10:09','18:12:00'),
('684572911635151','2023-08-03','03:01:53','07:10:32'),
('684572911635151','2023-08-04','04:01:46','01:39:44'),
('685120200722408','2023-08-03','02:36:52','07:07:36'),
('685120200722408','2023-08-03','14:14:20','22:51:59'),
('685120200722408','2023-08-04','12:17:06','07:59:41'),
('687985882546509','2023-08-03','08:46:06','10:20:33'),
('687985882546509','2023-08-04','06:04:08','13:20:50'),
('687985882546509','2023-08-04','09:02:38','05:31:49'),
('690250389883439','2023-08-02','19:01:25','05:38:32'),
('690250389883439','2023-08-03','06:14:45','09:40:38'),
('690250389883439','2023-08-03','14:35:27','19:15:12'),
('698374572905817','2023-08-02','15:21:12','14:09:06'),
('698374572905817','2023-08-03','07:43:35','03:43:47'),
('698374572905817','2023-08-04','15:42:21','07:22:32'),
('698987987827752','2023-08-02','17:35:48','03:14:42'),
('698987987827752','2023-08-03','16:05:59','16:21:27'),
('698987987827752','2023-08-03','17:05:23','04:38:21'),
('721590419210872','2023-08-03','12:50:17','20:22:30'),
('721590419210872','2023-08-04','04:30:55','16:44:06'),
('721590419210872','2023-08-04','10:30:11','05:08:53'),
('729769996555556','2023-08-03','01:38:50','11:57:43'),
('729769996555556','2023-08-03','19:28:57','15:08:43'),
('729769996555556','2023-08-04','01:59:47','09:58:55'),
('729955963754340','2023-08-03','00:02:15','08:25:15'),
('729955963754340','2023-08-03','20:31:01','14:03:31'),
('729955963754340','2023-08-04','16:09:28','20:30:31'),
('748445380929592','2023-08-03','08:12:49','16:21:41'),
('748445380929592','2023-08-03','23:42:59','07:35:16'),
('748445380929592','2023-08-04','07:48:55','02:29:36'),
('748760392523631','2023-08-03','22:49:12','19:42:38'),
('748760392523631','2023-08-04','07:53:59','01:36:01'),
('748760392523631','2023-08-04','08:51:13','01:56:44'),
('748965810390889','2023-08-03','04:33:07','14:12:12'),
('748965810390889','2023-08-03','23:46:30','07:52:40'),
('748965810390889','2023-08-04','03:29:15','12:30:07'),
('758678598587644','2023-08-03','03:49:27','07:54:35'),
('758678598587644','2023-08-03','10:14:19','02:56:41'),
('758678598587644','2023-08-03','23:02:04','08:13:34'),
('766805834772950','2023-08-02','05:32:41','07:27:45'),
('766805834772950','2023-08-03','18:45:47','16:39:41'),
('766805834772950','2023-08-04','03:42:29','19:50:08'),
('773369995880311','2023-08-03','00:34:02','13:23:23'),
('773369995880311','2023-08-03','23:36:44','11:57:31'),
('773369995880311','2023-08-04','15:19:45','07:32:31'),
('780843644098871','2023-08-02','14:13:29','13:46:48'),
('780843644098871','2023-08-04','02:47:36','12:52:36'),
('780843644098871','2023-08-04','14:37:41','11:37:19'),
('808350780991593','2023-08-03','00:23:11','19:15:40'),
('808350780991593','2023-08-03','22:22:10','07:42:28'),
('808350780991593','2023-08-03','22:56:17','04:25:40'),
('811942063610701','2023-08-03','15:05:07','12:07:50'),
('811942063610701','2023-08-04','02:38:50','01:09:29'),
('811942063610701','2023-08-04','21:43:07','04:20:45'),
('817473969657521','2023-08-03','05:00:45','00:01:18'),
('817473969657521','2023-08-03','07:15:09','08:10:48'),
('817473969657521','2023-08-04','05:07:30','20:33:21'),
('817829553682982','2023-08-02','10:38:50','16:01:42'),
('817829553682982','2023-08-03','15:26:24','23:57:34'),
('817829553682982','2023-08-04','00:46:59','14:24:48'),
('822585897859023','2023-08-03','14:27:20','10:04:08'),
('822585897859023','2023-08-03','21:36:45','00:30:27'),
('822585897859023','2023-08-03','23:49:04','12:07:32'),
('841259470792862','2023-08-04','06:02:23','01:31:56'),
('841259470792862','2023-08-04','15:14:12','16:09:42'),
('841259470792862','2023-08-04','16:25:30','20:30:50'),
('843058565257338','2023-08-02','06:04:27','01:31:20'),
('843058565257338','2023-08-02','16:51:33','07:54:07'),
('843058565257338','2023-08-04','13:40:39','15:48:14'),
('845588233377022','2023-08-02','13:08:02','12:18:29'),
('845588233377022','2023-08-04','18:42:27','02:18:12'),
('845588233377022','2023-08-04','23:09:34','17:59:38'),
('850787510145229','2023-08-03','07:29:23','16:26:25'),
('850787510145229','2023-08-03','14:24:45','23:52:49'),
('850787510145229','2023-08-04','16:56:13','05:16:47'),
('855942333294193','2023-08-03','20:58:59','09:41:07'),
('855942333294193','2023-08-04','11:55:20','12:30:00'),
('855942333294193','2023-08-04','22:57:38','09:54:24'),
('858486492986681','2023-08-03','01:14:01','18:11:57'),
('858486492986681','2023-08-03','13:12:39','08:22:18'),
('858486492986681','2023-08-04','16:27:29','15:14:18'),
('859099684797147','2023-08-02','17:22:32','13:58:22'),
('859099684797147','2023-08-04','00:38:46','23:44:50'),
('859099684797147','2023-08-04','21:11:50','21:37:40'),
('859485784570200','2023-08-03','16:26:04','00:02:59'),
('859485784570200','2023-08-03','21:51:24','03:24:32'),
('859485784570200','2023-08-04','07:43:02','20:20:46'),
('872230915044029','2023-08-03','02:08:00','03:45:53'),
('872230915044029','2023-08-03','19:51:22','06:58:38'),
('872230915044029','2023-08-03','22:31:39','08:05:34'),
('873616636127649','2023-08-03','05:16:21','17:52:32'),
('873616636127649','2023-08-03','22:20:25','07:28:28'),
('873616636127649','2023-08-04','01:30:31','15:57:24'),
('873645134252931','2023-08-03','20:21:31','18:33:04'),
('873645134252931','2023-08-03','22:46:53','23:37:50'),
('873645134252931','2023-08-04','21:31:15','19:42:08'),
('875797155761627','2023-08-03','21:58:51','09:32:41'),
('875797155761627','2023-08-04','20:35:37','21:27:35'),
('875797155761627','2023-08-04','23:57:54','23:36:47'),
('876418132137505','2023-08-03','03:24:23','08:07:50'),
('876418132137505','2023-08-03','17:34:24','02:11:34'),
('876418132137505','2023-08-03','21:48:07','01:00:03'),
('881477172645826','2023-08-03','07:06:11','14:13:11'),
('881477172645826','2023-08-04','18:28:14','12:10:23'),
('881477172645826','2023-08-04','19:35:00','16:06:12'),
('885825999666334','2023-08-03','00:17:20','12:54:28'),
('885825999666334','2023-08-03','00:32:00','09:14:34'),
('885825999666334','2023-08-03','12:21:39','10:45:17'),
('892950379439304','2023-08-03','11:24:19','11:33:42'),
('892950379439304','2023-08-03','16:56:40','15:05:06'),
('892950379439304','2023-08-04','07:41:48','19:23:52'),
('895660338449297','2023-08-02','18:58:58','05:17:49'),
('895660338449297','2023-08-03','14:49:35','10:52:13'),
('895660338449297','2023-08-04','07:01:23','15:53:02'),
('897022299362797','2023-08-02','13:18:45','00:11:34'),
('897022299362797','2023-08-03','03:15:38','03:38:37'),
('897022299362797','2023-08-03','06:01:23','08:49:20'),
('901306054924779','2023-08-03','08:52:26','00:18:23'),
('901306054924779','2023-08-04','12:21:07','00:05:05'),
('901306054924779','2023-08-04','17:10:04','17:35:10'),
('903015530831505','2023-08-03','16:00:25','03:25:35'),
('903015530831505','2023-08-03','21:02:59','05:08:17'),
('903015530831505','2023-08-04','23:47:07','00:56:21'),
('904242476108122','2023-08-02','19:18:13','02:06:48'),
('904242476108122','2023-08-02','21:22:35','06:26:01'),
('904242476108122','2023-08-03','08:57:02','14:19:24'),
('909859919821706','2023-08-03','16:17:21','09:17:45'),
('909859919821706','2023-08-03','17:06:50','23:10:23'),
('909859919821706','2023-08-03','22:26:52','02:46:20'),
('912239971540691','2023-08-03','23:04:14','21:04:55'),
('912239971540691','2023-08-03','23:56:39','12:12:43'),
('912239971540691','2023-08-04','09:34:12','13:54:52'),
('912728136732241','2023-08-02','01:03:39','07:21:19'),
('912728136732241','2023-08-04','05:43:21','19:03:32'),
('912728136732241','2023-08-04','16:34:16','00:51:29'),
('929887707512645','2023-08-03','03:31:52','09:13:54'),
('929887707512645','2023-08-03','09:21:54','11:29:44'),
('929887707512645','2023-08-04','21:03:19','21:36:31'),
('929938278900050','2023-08-03','03:31:37','01:30:19'),
('929938278900050','2023-08-03','08:32:25','18:01:24'),
('929938278900050','2023-08-03','10:22:58','23:00:57'),
('934875620502213','2023-08-03','14:04:57','13:33:49'),
('934875620502213','2023-08-04','18:31:49','01:38:22'),
('934875620502213','2023-08-04','23:17:05','16:55:11'),
('941408440270364','2023-08-02','21:56:49','10:31:20'),
('941408440270364','2023-08-03','12:54:50','20:14:40'),
('941408440270364','2023-08-04','23:17:30','13:31:23'),
('947906711482631','2023-08-03','00:26:37','12:48:16'),
('947906711482631','2023-08-03','08:05:39','20:38:40'),
('947906711482631','2023-08-03','15:37:49','07:13:37'),
('958818691396583','2023-08-03','09:41:23','22:48:43'),
('958818691396583','2023-08-04','00:32:38','11:02:41'),
('958818691396583','2023-08-04','10:36:48','20:35:19'),
('962137459159321','2023-08-03','02:30:39','01:52:01'),
('962137459159321','2023-08-03','10:22:09','18:46:29'),
('962137459159321','2023-08-03','20:49:00','11:18:04'),
('963027207728860','2023-08-03','05:28:57','01:58:38'),
('963027207728860','2023-08-03','14:32:03','23:31:40'),
('963027207728860','2023-08-04','12:15:11','05:51:56'),
('966034263365269','2023-08-03','06:07:54','19:35:49'),
('966034263365269','2023-08-03','18:47:47','07:47:28'),
('966034263365269','2023-08-03','20:03:28','04:19:47'),
('969982922564553','2023-08-03','09:40:35','00:33:40'),
('969982922564553','2023-08-04','05:11:37','03:17:42'),
('969982922564553','2023-08-04','16:19:32','18:25:31'),
('980226864694415','2023-08-02','22:58:35','04:35:15'),
('980226864694415','2023-08-04','11:36:06','02:08:20'),
('980226864694415','2023-08-04','22:09:02','07:14:10'),
('988621189774940','2023-08-03','04:03:42','11:30:16'),
('988621189774940','2023-08-04','05:06:04','11:23:59'),
('988621189774940','2023-08-04','14:33:28','20:13:28'),
('992255406484802','2023-08-03','15:25:29','11:38:25'),
('992255406484802','2023-08-04','13:30:25','18:51:07'),
('992255406484802','2023-08-04','19:48:51','19:22:24'),
('992923912909130','2023-08-02','22:55:18','02:45:46'),
('992923912909130','2023-08-03','10:38:31','22:26:31'),
('992923912909130','2023-08-04','20:36:50','03:07:07'),
('993298279252810','2023-08-02','01:33:13','13:15:59'),
('993298279252810','2023-08-02','18:06:37','11:34:38'),
('993298279252810','2023-08-04','16:39:18','08:44:32'),
('994689693025214','2023-08-03','08:10:21','23:37:46'),
('994689693025214','2023-08-03','17:45:38','17:28:05'),
('994689693025214','2023-08-04','12:27:09','20:07:37'),
('995297785104667','2023-08-02','07:05:09','23:55:45'),
('995297785104667','2023-08-03','14:22:04','05:04:18'),
('995297785104667','2023-08-03','17:13:34','13:21:16'),
('999774202905125','2023-08-03','17:08:10','09:52:37'),
('999774202905125','2023-08-03','22:49:38','20:43:07'),
('999774202905125','2023-08-04','03:29:14','03:38:53');

insert into Corriere (Codice_Fiscale, Nome, Cognome, Mail, Telefono, IBAN, Dipendente, Partita_IVA, Stipendio) values
('02jHd2eIfeyD2Bc1', 'Saleem', 'Heselwood', 'sheselwood8@apple.com', '603-518-8698', 'GE36DT2226517461435391', 'false', '777379600068795', NULL),
('1XAfm9D3jK8SGvcG', 'Joly', 'Eringey', 'jeringey7@chicagotribune.com', '424-653-1191', 'CH46800030J2SBKFGIGOP', 'true', NULL, 2311.00),
('2m4NlI6DAW1xMVGx', 'Allsun', 'Matchitt', 'amatchitt0@nationalgeographic.com', '375-859-6222', 'FR396176185925GMYDCWCPP4R20', 'true', NULL, 6306.00),
('3dEtS6iNf1vu26lz', 'Lonee', 'McCumesky', 'lmccumeskyo@ft.com', '807-287-6979', 'FR760241447404PXTVEJHCW8J09', 'true', NULL, 1182.00),
('3Z176EQ5ZWA6100J', 'Edmund', 'Muehler', 'emuehlera@soundcloud.com', '309-276-9832', 'ME08757333489539411173', 'false', '352178507781129', NULL),
('53tmE8xx0EhYnvmD', 'Cathy', 'Goom', 'cgoomr@marriott.com', '763-849-9475', 'PS43BLXPH7KFKS1PO8IZR0NVLUP', 'false', '959209014159504', NULL),
('6DUTN27W5f4fMB68', 'Charyl', 'Stiffell', 'cstiffell6@jiathis.com', '731-227-0814', 'LT666057110272841794', 'true', NULL, 4129.00),
('7Cul1bfzmzWjg831', 'Yovonnda', 'Greensitt', 'ygreensittk@si.edu', '140-904-5849', 'GB52HUFY00691011900639', 'true', NULL, 1938.00),
('7M1L372aGS16Ej9a', 'Vivia', 'Skupinski', 'vskupinski5@paypal.com', '912-391-7825', 'KW46GPLWJGJPIDS8O7G3R43DVKZ', 'false', '989425618605325', NULL),
('7xLl7r907lPCE0I1', 'Donavon', 'Scimoni', 'dscimonis@aboutads.info', '248-452-5447', 'CH1454343UOQ90M5MZQYB', 'true', NULL, 1049.00),
('8XILBSOoZJ7yvK2Y', 'Etta', 'Siviour', 'esiviourt@cdbaby.com', '565-815-8593', 'FR348302737568GWXJI2CEQB227', 'true', NULL, 2145.00),
('970r3IKc7WusSs8I', 'Lutero', 'Taig', 'ltaig1@dion.ne.jp', '319-835-0826', 'BG06TDAV139185UKHYHV8S', 'false', '642580288564420', NULL),
('9KWU4KT11Q5HRE15', 'Katine', 'Caress', 'kcaressb@icq.com', '298-632-5751', 'ES8012645206766880687488', 'true', NULL, 77774.00),
('9tia38cTdNM4153v', 'Hartwell', 'Walworth', 'hwalworthe@sitemeter.com', '652-841-5321', 'IT20P41642729442DHOW3OSHYGZ', 'true', NULL, 1884.00),
('aCbe01JX5njFtne8', 'Georgi', 'Gallichiccio', 'ggallichiccio2@thetimes.co.uk', '406-872-4202', 'PT07588631256882238797766', 'true', NULL, 2503.00),
('CTKgR96i7dI49r8f', 'Dore', 'Otham', 'dothamq@posterous.com', '773-504-7607', 'ME36990076492574252228', 'true', NULL, 1204.00),
('hq3HI931ndt20G9x', 'Lucais', 'Seden', 'lsedenm@amazon.de', '286-982-2834', 'CY5904070548C5HWSPUWXULGAJD', 'false', '777602429499818', NULL),
('j74GN279J82DT3q8', 'Gibb', 'McGarvey', 'gmcgarveyd@dot.gov', '858-502-3880', 'AT144616199191804658', 'false', '854067791504889', NULL),
('JmXr2j39N1Jc625W', 'Myrtie', 'Firpi', 'mfirpig@ovh.net', '183-364-2719', 'FR0667990905110QEXX77JU7O97', 'true', NULL, 2912.00),
('jo3TSToiSZm39MHp', 'Dore', 'Cumberledge', 'dcumberledgel@cbc.ca', '705-972-7809', 'FR845700988236FDK0TNL6TVR72', 'false', '526914417791273', NULL),
('lHU5PLsBRMbrABXq', 'Grethel', 'Wynter', 'gwynterh@usnews.com', '346-664-7437', 'FR525143312630HCEUTN8BZWH27', 'true', NULL, 2602.00),
('naEazA5vIB821Fi9', 'Leta', 'McLeish', 'lmcleishp@fotki.com', '795-709-7728', 'TR3557906EMZLQELFNUXJQDRES', 'true', NULL, 1937.00),
('OH7a5oD7YO2ujvw0', 'Amber', 'Polak', 'apolakc@privacy.gov.au', '263-795-6143', 'FR892004727449P7DCYV9ZVHB48', 'false', '249520084699025', NULL),
('rzekaL6v4RJX2oGS', 'Martguerita', 'Madgett', 'mmadgettn@who.int', '907-860-9020', 'DE32648655093914659647', 'true', NULL, 1212.00),
('TopgUdCb4x4tVUZR', 'Rickard', 'Ochterlonie', 'rochterlonief@mapy.cz', '427-467-2399', 'SM47L1156390197IWRKCSEQ0IAN', 'true', NULL, 2226.00),
('ui2YQqIoVNjM0TQ5', 'Cammy', 'Tredget', 'ctredget3@parallels.com', '616-785-1545', 'BE15846690377489', 'false', '482098891619983', NULL),
('V2xAdy2oaaffKfpA', 'Joshua', 'Swyer-Sexey', 'jswyersexeyj@ustream.tv', '491-224-6648', 'FR405624541525X66YYEUDELA21', 'false', '320896378448410', NULL),
('XFq48231BNs7OA99', 'Luca', 'Rockwell', 'lrockwelli@sciencedaily.com', '804-112-1372', 'LB509807P4SJYAZ2FPFJZBYZ9AV', 'true', NULL, 2234.00),
('xj4r4y70GiMrX1EG', 'Graham', 'Wemes', 'gwemes4@nydailynews.com', '961-310-2431', 'FR671289053802UFLA9OKVSPG11', 'true', NULL, 1217.00),
('zoOP81Oyu403FrLm', 'Roobbie', 'Dulinty', 'rdulinty9@elpais.com', '679-799-6925', 'SE6835502344929576390011', 'false', '445508946751293', NULL);

insert into Ordine (ID, Utente, Carta, Corriere, DataOraPagamento, DataArrivo, DataOraEffettiva, Costo) values
(1, 146, '4017953023611', 'ui2YQqIoVNjM0TQ5', '2023-08-16 19:34:01', '2023-08-17', '2023-08-17 05:59:10', 0.00),
(2, 152, '4017954420847841', '1XAfm9D3jK8SGvcG', '2023-08-16 19:34:01', '2023-08-17', '2023-08-17 08:57:29', 0.00),
(3, 139, '4017950316940203', 'JmXr2j39N1Jc625W', '2023-08-16 19:34:01', '2023-08-17', '2023-08-17 05:33:24', 15.00),
(4, 130, '375344161400220', '7xLl7r907lPCE0I1', '2023-08-16 19:34:01', '2023-08-17', '2023-08-17 21:34:18', 0.00),
(5, 24, '337941629548537', 'rzekaL6v4RJX2oGS', '2023-08-16 19:34:01', '2023-08-17', '2023-08-17 14:35:13', 15.00),
(6, 127, '374622917577735', '6DUTN27W5f4fMB68', '2023-08-16 19:34:01', '2023-08-17', '2023-08-17 09:10:51', 0.00),
(7, 71, '372301795698820', '8XILBSOoZJ7yvK2Y', '2023-08-16 19:34:01', '2023-08-17', '2023-08-17 13:41:20', 15.00),
(8, 161, '4017957825299435', '8XILBSOoZJ7yvK2Y', '2023-08-16 19:34:01', '2023-08-17', '2023-08-17 01:43:06', 15.00),
(9, 81, '374283343224234', 'lHU5PLsBRMbrABXq', '2023-08-16 19:34:01', '2023-08-17', '2023-08-17 12:03:46', 15.00),
(10, 88, '374283761409374', 'XFq48231BNs7OA99', '2023-08-16 19:34:01', '2023-08-17', '2023-08-17 21:36:40', 0.00),
(11, 17, '337941444402753', 'hq3HI931ndt20G9x', '2023-08-16 19:34:01', '2023-08-17', '2023-08-17 02:06:28', 15.00),
(12, 147, '4017953217536', 'V2xAdy2oaaffKfpA', '2023-08-16 19:34:01', '2023-08-17', '2023-08-17 02:18:47', 0.00),
(13, 7, '337941212213234', '6DUTN27W5f4fMB68', '2023-08-16 19:34:01', '2023-08-17', '2023-08-17 11:11:11', 0.00),
(14, 20, '337941551691917', 'jo3TSToiSZm39MHp', '2023-08-16 19:34:01', '2023-08-17', '2023-08-17 19:49:35', 0.00),
(15, 160, '4017957577927', '7xLl7r907lPCE0I1', '2023-08-16 19:33:18', '2023-08-17', '2023-08-17 05:27:51', 0.00),
(16, 180, '4041373705814766', 'zoOP81Oyu403FrLm', '2023-08-16 19:34:01', '2023-08-17', '2023-08-17 13:38:14', 15.00),
(17, 125, '374622776829896', '3Z176EQ5ZWA6100J', '2023-08-16 19:34:01', '2023-08-17', '2023-08-17 06:21:42', 0.00),
(18, 69, '372301676767116', '7M1L372aGS16Ej9a', '2023-08-16 19:34:01', '2023-08-17', '2023-08-17 15:22:30', 15.00),
(19, 150, '4017954016278278', 'zoOP81Oyu403FrLm', '2023-08-16 19:34:01', '2023-08-17', '2023-08-16 22:52:01', 15.00),
(20, 47, '371161473159664', 'hq3HI931ndt20G9x', '2023-08-16 19:34:01', '2023-08-17', '2023-08-17 12:53:42', 0.00),
(21, 156, '4017955940473', '53tmE8xx0EhYnvmD', '2023-08-16 19:34:01', '2023-08-17', '2023-08-17 09:28:08', 0.00),
(22, 158, '4017956571889', '7Cul1bfzmzWjg831', '2023-08-16 19:34:01', '2023-08-17', '2023-08-17 05:45:39', 15.00),
(23, 75, '372492215082685', 'aCbe01JX5njFtne8', '2023-08-16 19:34:01', '2023-08-17', '2023-08-17 09:28:53', 0.00),
(24, 99, '374288358461324', '7M1L372aGS16Ej9a', '2023-08-16 19:34:01', '2023-08-17', '2023-08-17 04:44:13', 15.00),
(25, 19, '337941484595177', 'JmXr2j39N1Jc625W', '2023-08-16 19:34:01', '2023-08-17', '2023-08-17 17:47:48', 0.00),
(26, 114, '374622227455788', 'rzekaL6v4RJX2oGS', '2023-08-16 19:34:01', '2023-08-17', '2023-08-16 23:49:40', 15.00),
(27, 68, '372301649158963', '7Cul1bfzmzWjg831', '2023-08-16 19:34:01', '2023-08-17', '2023-08-17 15:24:14', 0.00),
(28, 60, '372301363448517', 'zoOP81Oyu403FrLm', '2023-08-16 19:34:01', '2023-08-17', '2023-08-17 06:11:56', 15.00),
(29, 188, '4041377152657', '7Cul1bfzmzWjg831', '2023-08-16 19:34:01', '2023-08-17', '2023-08-17 03:13:05', 15.00),
(30, 144, '4017951952381', 'rzekaL6v4RJX2oGS', '2023-08-16 19:34:01', '2023-08-17', '2023-08-17 12:01:36', 15.00),
(31, 138, '379512010951306', 'j74GN279J82DT3q8', '2023-08-16 19:34:01', '2023-08-17', '2023-08-17 06:06:17', 15.00),
(32, 28, '337941917689019', 'XFq48231BNs7OA99', '2023-08-16 19:34:01', '2023-08-17', '2023-08-17 13:49:11', 15.00),
(33, 126, '374622872633002', '53tmE8xx0EhYnvmD', '2023-08-16 19:34:01', '2023-08-17', '2023-08-17 13:53:34', 0.00),
(34, 133, '376655057641752', '9KWU4KT11Q5HRE15', '2023-08-16 19:34:01', '2023-08-17', '2023-08-17 05:44:38', 15.00),
(35, 123, '374622714386504', '2m4NlI6DAW1xMVGx', '2023-08-16 19:34:01', '2023-08-17', '2023-08-17 04:14:22', 15.00),
(36, 120, '374622504343798', 'zoOP81Oyu403FrLm', '2023-08-16 19:34:01', '2023-08-17', '2023-08-16 23:20:34', 0.00),
(37, 72, '372301795977711', '970r3IKc7WusSs8I', '2023-08-16 19:34:01', '2023-08-17', '2023-08-17 03:18:31', 0.00),
(38, 159, '4017956793161957', '7M1L372aGS16Ej9a', '2023-08-16 19:34:01', '2023-08-17', '2023-08-16 23:43:48', 0.00),
(39, 56, '372301256532609', 'ui2YQqIoVNjM0TQ5', '2023-08-16 19:34:01', '2023-08-17', '2023-08-17 19:36:57', 15.00),
(40, 122, '374622586318692', '1XAfm9D3jK8SGvcG', '2023-08-16 19:34:01', '2023-08-17', '2023-08-17 12:31:59', 0.00),
(41, 129, '374888641685819', '7M1L372aGS16Ej9a', '2023-08-16 19:34:01', '2023-08-17', '2023-08-17 18:28:37', 0.00),
(42, 4, '337941103421334', '3dEtS6iNf1vu26lz', '2023-08-16 19:34:01', '2023-08-17', '2023-08-17 13:27:02', 15.00),
(43, 34, '342539797063041', '3dEtS6iNf1vu26lz', '2023-08-16 19:34:01', '2023-08-17', '2023-08-17 00:20:06', 0.00),
(44, 48, '371228828303204', 'j74GN279J82DT3q8', '2023-08-16 19:34:01', '2023-08-17', '2023-08-17 12:55:17', 15.00),
(45, 6, '337941206450750', '53tmE8xx0EhYnvmD', '2023-08-16 19:34:01', '2023-08-17', '2023-08-17 12:37:39', 15.00),
(46, 145, '4017952600766492', 'TopgUdCb4x4tVUZR', '2023-08-16 19:34:01', '2023-08-17', '2023-08-17 00:30:29', 0.00),
(47, 30, '337941952432341', 'zoOP81Oyu403FrLm', '2023-08-16 19:34:01', '2023-08-17', '2023-08-17 14:21:17', 0.00),
(48, 176, '4041372143605794', 'ui2YQqIoVNjM0TQ5', '2023-08-16 19:34:01', '2023-08-17', '2023-08-17 00:13:29', 15.00),
(49, 98, '374288325952710', '7Cul1bfzmzWjg831', '2023-08-16 19:34:01', '2023-08-17', '2023-08-17 13:57:03', 0.00),
(50, 25, '337941690183230', 'TopgUdCb4x4tVUZR', '2023-08-16 19:34:01', '2023-08-17', '2023-08-17 03:55:43', 0.00),
(51, 196, '4041590014788452', 'CTKgR96i7dI49r8f', '2023-08-16 19:34:01', '2023-08-17', '2023-08-17 15:32:50', 15.00),
(52, 174, '4041371522758455', 'rzekaL6v4RJX2oGS', '2023-08-16 19:34:01', '2023-08-17', '2023-08-17 00:42:49', 15.00),
(53, 101, '374288471498419', '8XILBSOoZJ7yvK2Y', '2023-08-16 19:34:01', '2023-08-17', '2023-08-17 04:30:08', 0.00),
(54, 134, '376728654744558', '9tia38cTdNM4153v', '2023-08-16 19:34:01', '2023-08-17', '2023-08-17 05:29:40', 0.00),
(55, 67, '372301600409561', '6DUTN27W5f4fMB68', '2023-08-16 19:34:01', '2023-08-17', '2023-08-17 06:07:29', 15.00),
(56, 182, '4041374753903', '1XAfm9D3jK8SGvcG', '2023-08-16 19:34:01', '2023-08-17', '2023-08-17 15:57:12', 15.00),
(57, 85, '374283644675837', 'TopgUdCb4x4tVUZR', '2023-08-16 19:34:01', '2023-08-17', '2023-08-17 11:16:08', 15.00),
(58, 8, '337941234248887', '7Cul1bfzmzWjg831', '2023-08-16 19:33:18', '2023-08-17', '2023-08-17 01:23:43', 15.00),
(59, 3, '337941079924634', '2m4NlI6DAW1xMVGx', '2023-08-16 19:34:01', '2023-08-17', '2023-08-17 15:12:25', 15.00),
(60, 45, '370624466234530', 'aCbe01JX5njFtne8', '2023-08-16 19:34:01', '2023-08-17', '2023-08-17 14:24:37', 15.00),
(61, 113, '374622126376176', 'OH7a5oD7YO2ujvw0', '2023-08-16 19:34:01', '2023-08-17', '2023-08-16 23:09:51', 0.00),
(62, 155, '4017955938162', '3Z176EQ5ZWA6100J', '2023-08-16 19:34:01', '2023-08-17', '2023-08-17 15:24:01', 0.00),
(63, 165, '4017958799207', 'aCbe01JX5njFtne8', '2023-08-16 19:34:01', '2023-08-17', '2023-08-17 15:15:15', 15.00),
(64, 90, '374283875800930', 'zoOP81Oyu403FrLm', '2023-08-16 19:34:01', '2023-08-17', '2023-08-17 21:17:20', 15.00),
(65, 52, '372301111907483', 'naEazA5vIB821Fi9', '2023-08-16 19:34:01', '2023-08-17', '2023-08-17 04:40:24', 0.00),
(66, 184, '4041375635125', '3dEtS6iNf1vu26lz', '2023-08-16 19:34:01', '2023-08-17', '2023-08-17 06:24:01', 15.00),
(67, 54, '372301192414417', 'rzekaL6v4RJX2oGS', '2023-08-16 19:34:01', '2023-08-17', '2023-08-16 23:31:34', 15.00),
(68, 94, '374288026571058', '3dEtS6iNf1vu26lz', '2023-08-16 19:34:01', '2023-08-17', '2023-08-17 13:07:04', 15.00),
(69, 92, '374288002311131', '1XAfm9D3jK8SGvcG', '2023-08-16 19:34:01', '2023-08-17', '2023-08-17 01:10:10', 0.00),
(70, 102, '374288505049691', '970r3IKc7WusSs8I', '2023-08-16 19:34:01', '2023-08-17', '2023-08-17 14:47:23', 15.00),
(71, 41, '347054259058377', '8XILBSOoZJ7yvK2Y', '2023-08-16 19:34:01', '2023-08-17', '2023-08-17 01:31:10', 0.00),
(72, 169, '4017959767641', 'JmXr2j39N1Jc625W', '2023-08-16 19:34:01', '2023-08-17', '2023-08-17 01:26:58', 0.00),
(73, 76, '374283000010918', 'CTKgR96i7dI49r8f', '2023-08-16 19:34:01', '2023-08-17', '2023-08-17 18:34:58', 0.00),
(74, 189, '4041377583950', '7M1L372aGS16Ej9a', '2023-08-16 19:34:01', '2023-08-17', '2023-08-17 03:29:39', 0.00),
(75, 157, '4017956460839778', '6DUTN27W5f4fMB68', '2023-08-16 19:34:01', '2023-08-17', '2023-08-16 22:30:10', 0.00),
(76, 199, '4041590412522602', 'JmXr2j39N1Jc625W', '2023-08-16 19:34:01', '2023-08-17', '2023-08-17 15:47:27', 0.00),
(77, 175, '4041371668054', 'TopgUdCb4x4tVUZR', '2023-08-16 19:34:01', '2023-08-17', '2023-08-17 08:46:39', 15.00),
(78, 84, '374283590209953', 'rzekaL6v4RJX2oGS', '2023-08-16 19:34:01', '2023-08-17', '2023-08-17 01:04:29', 0.00),
(79, 33, '341702864778302', '2m4NlI6DAW1xMVGx', '2023-08-16 19:34:01', '2023-08-17', '2023-08-17 15:24:48', 15.00),
(80, 10, '337941321776055', '7xLl7r907lPCE0I1', '2023-08-16 19:34:01', '2023-08-17', '2023-08-17 18:39:52', 15.00),
(81, 55, '372301208526964', 'TopgUdCb4x4tVUZR', '2023-08-16 19:34:01', '2023-08-17', '2023-08-17 00:19:32', 15.00),
(82, 154, '4017955532635', '3dEtS6iNf1vu26lz', '2023-08-16 19:34:01', '2023-08-17', '2023-08-16 22:59:19', 0.00),
(83, 74, '372301945948943', '9tia38cTdNM4153v', '2023-08-16 19:34:01', '2023-08-17', '2023-08-17 13:26:41', 15.00),
(84, 135, '377564956523583', 'aCbe01JX5njFtne8', '2023-08-16 19:34:01', '2023-08-17', '2023-08-17 02:14:20', 0.00),
(85, 164, '4017958338600', '9tia38cTdNM4153v', '2023-08-16 19:34:01', '2023-08-17', '2023-08-17 08:52:46', 0.00),
(86, 38, '346420239376851', '7Cul1bfzmzWjg831', '2023-08-16 19:34:01', '2023-08-17', '2023-08-17 10:18:08', 15.00),
(87, 118, '374622315484229', 'XFq48231BNs7OA99', '2023-08-16 19:34:01', '2023-08-17', '2023-08-17 14:10:10', 15.00),
(88, 167, '4017959067924019', 'hq3HI931ndt20G9x', '2023-08-16 19:34:01', '2023-08-17', '2023-08-17 10:01:54', 0.00),
(89, 36, '343294099355542', '53tmE8xx0EhYnvmD', '2023-08-16 19:34:01', '2023-08-17', '2023-08-17 01:00:13', 15.00),
(90, 13, '337941361890154', '9KWU4KT11Q5HRE15', '2023-08-16 19:34:01', '2023-08-17', '2023-08-17 12:10:40', 15.00),
(91, 95, '374288092538064', '3Z176EQ5ZWA6100J', '2023-08-16 19:34:01', '2023-08-17', '2023-08-17 18:47:42', 0.00),
(92, 106, '374288734786501', 'CTKgR96i7dI49r8f', '2023-08-16 19:34:01', '2023-08-17', '2023-08-17 04:32:12', 0.00),
(93, 192, '4041377889644998', '970r3IKc7WusSs8I', '2023-08-16 19:34:01', '2023-08-17', '2023-08-17 15:15:30', 0.00),
(94, 32, '341604736815694', '1XAfm9D3jK8SGvcG', '2023-08-16 19:34:01', '2023-08-17', '2023-08-17 10:35:39', 0.00),
(95, 35, '342922426755791', '3Z176EQ5ZWA6100J', '2023-08-16 19:34:01', '2023-08-17', '2023-08-17 11:23:37', 0.00),
(96, 9, '337941268900288', '7M1L372aGS16Ej9a', '2023-08-16 19:34:01', '2023-08-17', '2023-08-17 18:33:37', 0.00),
(97, 109, '374288910733848', 'JmXr2j39N1Jc625W', '2023-08-16 19:33:18', '2023-08-17', '2023-08-17 06:19:57', 15.00),
(98, 27, '337941863635354', 'V2xAdy2oaaffKfpA', '2023-08-16 19:34:01', '2023-08-17', '2023-08-17 00:12:25', 0.00),
(99, 66, '372301578837462', '53tmE8xx0EhYnvmD', '2023-08-16 19:34:01', '2023-08-17', '2023-08-17 13:09:05', 0.00),
(100, 21, '337941587581488', 'lHU5PLsBRMbrABXq', '2023-08-16 19:33:18', '2023-08-17', '2023-08-17 13:40:34', 0.00),
(101, 59, '372301362032866', 'xj4r4y70GiMrX1EG', '2023-08-16 19:33:18', '2023-08-17', '2023-08-17 01:05:21', 15.00),
(102, 80, '374283280607516', 'jo3TSToiSZm39MHp', '2023-08-16 19:34:01', '2023-08-17', '2023-08-16 23:03:28', 15.00),
(103, 149, '4017953791381', 'xj4r4y70GiMrX1EG', '2023-08-16 19:34:01', '2023-08-17', '2023-08-17 12:36:12', 15.00),
(104, 50, '372301003720275', 'jo3TSToiSZm39MHp', '2023-08-16 19:34:01', '2023-08-17', '2023-08-16 23:37:26', 0.00),
(105, 79, '374283256486333', 'JmXr2j39N1Jc625W', '2023-08-16 19:34:01', '2023-08-17', '2023-08-17 09:33:56', 15.00),
(106, 62, '372301404112866', '1XAfm9D3jK8SGvcG', '2023-08-16 19:34:01', '2023-08-17', '2023-08-17 21:30:22', 0.00),
(107, 124, '374622744117796', '3dEtS6iNf1vu26lz', '2023-08-16 19:34:01', '2023-08-17', '2023-08-17 00:17:40', 0.00),
(108, 173, '4041371129354', 'OH7a5oD7YO2ujvw0', '2023-08-16 19:34:01', '2023-08-17', '2023-08-17 09:08:48', 0.00),
(109, 153, '4017955049671', '2m4NlI6DAW1xMVGx', '2023-08-16 19:34:01', '2023-08-17', '2023-08-17 09:44:48', 15.00),
(110, 87, '374283752896613', 'V2xAdy2oaaffKfpA', '2023-08-16 19:34:01', '2023-08-17', '2023-08-17 10:17:05', 15.00),
(111, 91, '374283991744293', '02jHd2eIfeyD2Bc1', '2023-08-16 19:34:01', '2023-08-17', '2023-08-16 22:51:10', 0.00),
(112, 43, '347855550502263', '9KWU4KT11Q5HRE15', '2023-08-16 19:34:01', '2023-08-17', '2023-08-17 20:18:31', 0.00),
(113, 183, '4041375289384082', '2m4NlI6DAW1xMVGx', '2023-08-16 19:34:01', '2023-08-17', '2023-08-17 11:02:52', 15.00),
(114, 140, '4017950370254', 'jo3TSToiSZm39MHp', '2023-08-16 19:34:01', '2023-08-17', '2023-08-17 07:14:32', 0.00),
(115, 44, '370278837191331', '9tia38cTdNM4153v', '2023-08-16 19:34:01', '2023-08-17', '2023-08-17 00:35:13', 0.00),
(116, 172, '4041370917362709', 'naEazA5vIB821Fi9', '2023-08-16 19:34:01', '2023-08-17', '2023-08-17 14:09:43', 15.00),
(117, 104, '374288636864109', '9tia38cTdNM4153v', '2023-08-16 19:34:01', '2023-08-17', '2023-08-17 18:29:00', 0.00),
(118, 178, '4041373079975524', 'XFq48231BNs7OA99', '2023-08-16 19:34:01', '2023-08-17', '2023-08-17 15:11:51', 0.00),
(119, 61, '372301367164045', '02jHd2eIfeyD2Bc1', '2023-08-16 19:34:01', '2023-08-17', '2023-08-17 17:27:34', 15.00),
(120, 39, '346656312990973', '7M1L372aGS16Ej9a', '2023-08-16 19:34:01', '2023-08-17', '2023-08-17 18:38:41', 0.00),
(121, 137, '379445647281559', 'hq3HI931ndt20G9x', '2023-08-16 19:34:01', '2023-08-17', '2023-08-17 21:32:07', 15.00),
(122, 177, '4041372880278', 'V2xAdy2oaaffKfpA', '2023-08-16 19:34:01', '2023-08-17', '2023-08-17 16:28:07', 15.00),
(123, 65, '372301524481670', '3Z176EQ5ZWA6100J', '2023-08-16 19:34:01', '2023-08-17', '2023-08-17 03:39:46', 0.00),
(124, 186, '4041376468055097', '53tmE8xx0EhYnvmD', '2023-08-16 19:34:01', '2023-08-17', '2023-08-17 09:04:40', 15.00),
(125, 49, '372188978695107', 'JmXr2j39N1Jc625W', '2023-08-16 19:34:01', '2023-08-17', '2023-08-17 08:05:07', 15.00),
(126, 132, '376526533819215', '970r3IKc7WusSs8I', '2023-08-16 19:34:01', '2023-08-17', '2023-08-16 22:15:32', 0.00),
(127, 93, '374288009438226', '2m4NlI6DAW1xMVGx', '2023-08-16 19:34:01', '2023-08-17', '2023-08-17 14:52:14', 15.00),
(128, 128, '374622917874116', '7Cul1bfzmzWjg831', '2023-08-16 19:34:01', '2023-08-17', '2023-08-17 20:20:53', 0.00),
(129, 83, '374283536270580', 'OH7a5oD7YO2ujvw0', '2023-08-16 19:34:01', '2023-08-17', '2023-08-17 15:25:24', 15.00),
(130, 112, '374622020937784', 'naEazA5vIB821Fi9', '2023-08-16 19:34:01', '2023-08-17', '2023-08-16 22:39:42', 0.00),
(131, 163, '4017957973936325', '9KWU4KT11Q5HRE15', '2023-08-16 19:34:01', '2023-08-17', '2023-08-17 17:15:12', 15.00),
(132, 117, '374622301505805', 'V2xAdy2oaaffKfpA', '2023-08-16 19:34:01', '2023-08-17', '2023-08-17 18:15:06', 15.00),
(133, 168, '4017959322629', 'j74GN279J82DT3q8', '2023-08-16 19:34:01', '2023-08-17', '2023-08-17 14:49:46', 15.00),
(134, 151, '4017954038443629', '02jHd2eIfeyD2Bc1', '2023-08-16 19:34:01', '2023-08-17', '2023-08-17 16:07:35', 0.00),
(135, 18, '337941447666354', 'j74GN279J82DT3q8', '2023-08-16 19:34:01', '2023-08-17', '2023-08-17 19:41:29', 0.00),
(136, 82, '374283477912844', 'naEazA5vIB821Fi9', '2023-08-16 19:34:01', '2023-08-17', '2023-08-17 13:54:58', 0.00),
(137, 78, '374283167426816', 'j74GN279J82DT3q8', '2023-08-16 19:34:01', '2023-08-17', '2023-08-16 23:16:42', 0.00),
(138, 115, '374622245831689', 'TopgUdCb4x4tVUZR', '2023-08-16 19:34:01', '2023-08-17', '2023-08-17 12:11:22', 15.00),
(139, 16, '337941382673092', 'CTKgR96i7dI49r8f', '2023-08-16 19:34:01', '2023-08-17', '2023-08-17 08:59:48', 0.00),
(140, 22, '337941587645473', 'naEazA5vIB821Fi9', '2023-08-16 19:34:01', '2023-08-17', '2023-08-17 06:19:53', 0.00),
(141, 162, '4017957938426', '970r3IKc7WusSs8I', '2023-08-16 19:34:01', '2023-08-17', '2023-08-17 14:32:26', 15.00),
(142, 171, '4041370754871', 'lHU5PLsBRMbrABXq', '2023-08-16 19:34:01', '2023-08-17', '2023-08-17 21:15:05', 0.00),
(143, 131, '376306151000350', '8XILBSOoZJ7yvK2Y', '2023-08-16 19:34:01', '2023-08-17', '2023-08-16 23:10:41', 0.00),
(144, 70, '372301702364623', '7xLl7r907lPCE0I1', '2023-08-16 19:34:01', '2023-08-17', '2023-08-16 22:27:27', 0.00),
(145, 23, '337941626345234', 'OH7a5oD7YO2ujvw0', '2023-08-16 19:34:01', '2023-08-17', '2023-08-17 00:09:22', 0.00),
(146, 97, '374288325113917', '6DUTN27W5f4fMB68', '2023-08-16 19:34:01', '2023-08-17', '2023-08-17 05:04:33', 15.00),
(147, 2, '337941049609794', '1XAfm9D3jK8SGvcG', '2023-08-16 19:34:01', '2023-08-17', '2023-08-17 01:49:39', 15.00),
(148, 58, '372301306653801', 'XFq48231BNs7OA99', '2023-08-16 19:34:01', '2023-08-17', '2023-08-17 09:46:43', 0.00),
(149, 53, '372301122245857', 'OH7a5oD7YO2ujvw0', '2023-08-16 19:34:01', '2023-08-17', '2023-08-17 12:22:34', 0.00),
(150, 187, '4041377143832611', '6DUTN27W5f4fMB68', '2023-08-16 19:34:01', '2023-08-17', '2023-08-17 01:45:43', 15.00),
(151, 194, '4041379464227280', '9tia38cTdNM4153v', '2023-08-16 19:34:01', '2023-08-17', '2023-08-16 22:54:19', 0.00),
(152, 15, '337941375453924', 'aCbe01JX5njFtne8', '2023-08-16 19:34:01', '2023-08-17', '2023-08-17 14:18:00', 15.00),
(153, 108, '374288754893757', 'j74GN279J82DT3q8', '2023-08-16 19:34:01', '2023-08-17', '2023-08-17 14:45:19', 0.00),
(154, 195, '4041379577869580', 'aCbe01JX5njFtne8', '2023-08-16 19:34:01', '2023-08-17', '2023-08-17 21:03:43', 0.00),
(155, 40, '346677946417084', '7xLl7r907lPCE0I1', '2023-08-16 19:34:01', '2023-08-17', '2023-08-17 08:26:44', 0.00),
(156, 86, '374283660047499', 'ui2YQqIoVNjM0TQ5', '2023-08-16 19:34:01', '2023-08-17', '2023-08-17 18:32:06', 0.00),
(157, 73, '372301911392563', '9KWU4KT11Q5HRE15', '2023-08-16 19:34:01', '2023-08-17', '2023-08-17 14:16:47', 0.00),
(158, 51, '372301055118873', 'lHU5PLsBRMbrABXq', '2023-08-16 19:34:01', '2023-08-17', '2023-08-17 13:02:04', 0.00),
(159, 136, '377958319998419', 'CTKgR96i7dI49r8f', '2023-08-16 19:34:01', '2023-08-17', '2023-08-17 10:05:34', 0.00),
(160, 143, '4017951686638062', 'OH7a5oD7YO2ujvw0', '2023-08-16 19:34:01', '2023-08-17', '2023-08-17 00:38:39', 15.00),
(161, 191, '4041377714795', '8XILBSOoZJ7yvK2Y', '2023-08-16 19:34:01', '2023-08-17', '2023-08-17 16:29:45', 15.00),
(162, 57, '372301257869984', 'V2xAdy2oaaffKfpA', '2023-08-16 19:34:01', '2023-08-17', '2023-08-17 05:58:37', 0.00),
(163, 89, '374283803890151', 'xj4r4y70GiMrX1EG', '2023-08-16 19:34:01', '2023-08-17', '2023-08-17 06:11:02', 0.00),
(164, 29, '337941929254067', 'xj4r4y70GiMrX1EG', '2023-08-16 19:34:01', '2023-08-17', '2023-08-17 16:15:56', 15.00),
(165, 148, '4017953656436', 'XFq48231BNs7OA99', '2023-08-16 19:34:01', '2023-08-17', '2023-08-17 05:10:49', 15.00),
(166, 12, '337941358963717', '970r3IKc7WusSs8I', '2023-08-16 19:34:01', '2023-08-17', '2023-08-17 05:30:46', 15.00),
(167, 31, '341047877448471', '02jHd2eIfeyD2Bc1', '2023-08-16 19:34:01', '2023-08-17', '2023-08-17 20:57:37', 0.00),
(168, 121, '374622552731795', '02jHd2eIfeyD2Bc1', '2023-08-16 19:34:01', '2023-08-17', '2023-08-17 06:21:22', 15.00),
(169, 103, '374288581415246', '9KWU4KT11Q5HRE15', '2023-08-16 19:34:01', '2023-08-17', '2023-08-17 00:41:25', 15.00),
(170, 14, '337941373186450', '9tia38cTdNM4153v', '2023-08-16 19:34:01', '2023-08-17', '2023-08-17 05:51:33', 0.00),
(171, 181, '4041373833057072', '02jHd2eIfeyD2Bc1', '2023-08-16 19:34:01', '2023-08-17', '2023-08-17 05:36:33', 15.00),
(172, 142, '4017951471242', 'naEazA5vIB821Fi9', '2023-08-16 19:34:01', '2023-08-17', '2023-08-17 12:07:43', 0.00),
(173, 46, '370692677867455', 'CTKgR96i7dI49r8f', '2023-08-16 19:34:01', '2023-08-17', '2023-08-17 10:44:53', 0.00),
(174, 193, '4041378384562263', '9KWU4KT11Q5HRE15', '2023-08-16 19:34:01', '2023-08-17', '2023-08-17 11:28:58', 0.00),
(175, 190, '4041377648603798', '7xLl7r907lPCE0I1', '2023-08-16 19:34:01', '2023-08-17', '2023-08-17 16:04:24', 0.00),
(176, 11, '337941351027841', '8XILBSOoZJ7yvK2Y', '2023-08-16 19:34:01', '2023-08-17', '2023-08-17 14:41:34', 15.00),
(177, 166, '4017958854110600', 'CTKgR96i7dI49r8f', '2023-08-16 19:34:01', '2023-08-17', '2023-08-17 15:29:38', 0.00),
(178, 63, '372301473146233', '2m4NlI6DAW1xMVGx', '2023-08-16 19:34:01', '2023-08-17', '2023-08-17 09:05:50', 0.00),
(179, 5, '337941177225280', '3Z176EQ5ZWA6100J', '2023-08-16 19:34:01', '2023-08-17', '2023-08-17 18:35:55', 0.00),
(180, 42, '347436961027016', '970r3IKc7WusSs8I', '2023-08-16 19:34:01', '2023-08-17', '2023-08-17 15:31:18', 15.00),
(181, 198, '4041590192935693', 'j74GN279J82DT3q8', '2023-08-16 19:34:01', '2023-08-17', '2023-08-17 00:30:14', 0.00),
(182, 105, '374288687406990', 'aCbe01JX5njFtne8', '2023-08-16 19:34:01', '2023-08-17', '2023-08-16 22:36:23', 15.00),
(183, 197, '4041590163942033', 'hq3HI931ndt20G9x', '2023-08-16 19:34:01', '2023-08-17', '2023-08-17 08:35:42', 0.00),
(184, 64, '372301499129866', '3dEtS6iNf1vu26lz', '2023-08-16 19:34:01', '2023-08-17', '2023-08-17 04:02:26', 0.00),
(185, 170, '4017959988478', 'jo3TSToiSZm39MHp', '2023-08-16 19:34:01', '2023-08-17', '2023-08-17 17:04:51', 15.00),
(186, 96, '374288266107076', '53tmE8xx0EhYnvmD', '2023-08-16 19:34:01', '2023-08-17', '2023-08-17 18:01:23', 15.00),
(187, 185, '4041375762758034', '3Z176EQ5ZWA6100J', '2023-08-16 19:34:01', '2023-08-17', '2023-08-16 23:04:16', 0.00),
(188, 37, '345209409485779', '6DUTN27W5f4fMB68', '2023-08-16 19:34:01', '2023-08-17', '2023-08-17 09:38:08', 0.00),
(189, 119, '374622453786963', 'xj4r4y70GiMrX1EG', '2023-08-16 19:34:01', '2023-08-17', '2023-08-17 00:23:21', 0.00),
(190, 200, '4041590510939', 'jo3TSToiSZm39MHp', '2023-08-16 19:34:01', '2023-08-17', '2023-08-17 09:06:51', 15.00),
(191, 1, '337941048155591', '02jHd2eIfeyD2Bc1', '2023-08-16 19:34:01', '2023-08-17', '2023-08-17 12:12:23', 0.00),
(192, 77, '374283148776768', 'hq3HI931ndt20G9x', '2023-08-16 19:34:01', '2023-08-17', '2023-08-17 07:52:53', 0.00),
(193, 100, '374288375369468', '7xLl7r907lPCE0I1', '2023-08-16 19:34:01', '2023-08-17', '2023-08-17 04:30:41', 15.00),
(194, 110, '374288920146734', 'jo3TSToiSZm39MHp', '2023-08-16 19:34:01', '2023-08-17', '2023-08-17 15:41:07', 15.00),
(195, 179, '4041373276047', 'xj4r4y70GiMrX1EG', '2023-08-16 19:34:01', '2023-08-17', '2023-08-17 15:53:40', 0.00),
(196, 111, '374329969443531', 'lHU5PLsBRMbrABXq', '2023-08-16 19:34:01', '2023-08-17', '2023-08-17 01:20:03', 15.00),
(197, 141, '4017951026319', 'lHU5PLsBRMbrABXq', '2023-08-16 19:34:01', '2023-08-17', '2023-08-17 05:25:22', 0.00),
(198, 116, '374622259074622', 'ui2YQqIoVNjM0TQ5', '2023-08-16 19:34:01', '2023-08-17', '2023-08-17 10:45:17', 0.00),
(199, 26, '337941740249718', 'ui2YQqIoVNjM0TQ5', '2023-08-16 19:34:01', '2023-08-17', '2023-08-17 09:29:06', 0.00),
(200, 107, '374288746769198', 'hq3HI931ndt20G9x', '2023-08-16 19:34:01', '2023-08-17', '2023-08-17 21:32:08', 15.00);

insert into Recensione (Ordine, Prodotto, Voto, Testo) values
(1,1,3,'ottimo'),
(2,2,5,'buono'),
(3,3,3,'ok'),
(4,4,3,'ok'),
(5,5,4,'ok'),
(6,6,4,'ottimo'),
(7,7,3,'mi piace'),
(8,8,3,'buono'),
(9,9,5,'ok'),
(10,10,3,'mi piace'),
(11,11,3,'ok'),
(12,12,5,'buono'),
(13,13,5,'ok'),
(14,14,4,'ottimo'),
(15,15,3,'mi piace'),
(16,16,4,'buono'),
(17,17,3,'mi piace'),
(18,18,4,'ottimo'),
(19,19,5,'mi piace'),
(20,20,3,'ottimo'),
(21,21,5,'ok'),
(22,22,5,'buono'),
(23,23,5,'mi piace'),
(24,24,5,'ok'),
(25,25,3,'mi piace'),
(26,26,5,'mi piace'),
(27,27,3,'ok'),
(28,28,4,'ok'),
(29,29,5,'ottimo'),
(30,30,4,'ottimo'),
(31,31,5,'ok'),
(32,32,4,'ok'),
(33,33,5,'ok'),
(34,34,4,'buono'),
(35,35,3,'ok'),
(36,36,3,'buono'),
(37,37,3,'ottimo'),
(38,38,4,'buono'),
(39,39,3,'buono'),
(40,40,3,'buono'),
(41,41,3,'mi piace'),
(42,42,5,'ottimo'),
(43,43,4,'buono'),
(44,44,3,'ottimo'),
(45,45,5,'buono'),
(46,46,4,'ottimo'),
(47,47,5,'buono'),
(48,48,3,'ottimo'),
(49,49,3,'ok'),
(50,50,5,'mi piace'),
(51,51,4,'buono'),
(52,52,3,'mi piace'),
(53,53,3,'ottimo'),
(54,54,3,'ok'),
(55,55,3,'mi piace'),
(56,56,5,'ok'),
(57,57,3,'buono'),
(58,58,3,'ok'),
(59,59,3,'mi piace'),
(60,60,4,'ok'),
(61,61,4,'ottimo'),
(62,62,4,'ok'),
(63,63,5,'mi piace'),
(64,64,5,'buono'),
(65,65,5,'mi piace'),
(66,66,4,'mi piace'),
(67,67,5,'ok'),
(68,68,3,'ottimo'),
(69,69,4,'ottimo'),
(70,70,4,'ottimo'),
(71,71,3,'ottimo'),
(72,72,5,'mi piace'),
(73,73,4,'mi piace'),
(74,74,5,'ottimo'),
(75,75,4,'ok'),
(76,76,3,'ok'),
(77,77,5,'ok'),
(78,78,3,'mi piace'),
(79,79,3,'buono'),
(80,80,5,'ok'),
(81,81,5,'ok'),
(82,82,4,'ottimo'),
(83,83,5,'ottimo'),
(84,84,4,'buono'),
(85,85,3,'ok'),
(86,86,4,'buono'),
(87,87,3,'ottimo'),
(88,88,5,'buono'),
(89,89,3,'ok'),
(90,90,4,'ottimo'),
(91,91,5,'mi piace'),
(92,92,3,'mi piace'),
(93,93,3,'ok'),
(94,94,4,'ottimo'),
(95,95,3,'ottimo'),
(96,96,4,'ottimo'),
(97,97,4,'ok'),
(98,98,3,'mi piace'),
(99,99,4,'buono'),
(100,100,3,'ok');

insert into Ordinato (Prodotto, Ordine, Quantità) values
(1, 1, 6),
(2, 2, 5),
(3, 3, 9),
(4, 4, 3),
(5, 5, 8),
(6, 6, 2),
(7, 7, 3),
(8, 8, 2),
(9, 9, 7),
(10, 10, 3),
(11, 11, 5),
(12, 12, 5),
(13, 13, 7),
(14, 14, 3),
(15, 15, 1),
(16, 16, 3),
(17, 17, 6),
(18, 18, 2),
(19, 19, 5),
(20, 20, 1),
(21, 21, 1),
(22, 22, 5),
(23, 23, 1),
(24, 24, 6),
(25, 25, 1),
(26, 26, 3),
(27, 27, 8),
(28, 28, 5),
(29, 29, 9),
(30, 30, 1),
(31, 31, 9),
(32, 32, 2),
(33, 33, 7),
(34, 34, 4),
(35, 35, 2),
(36, 36, 5),
(37, 37, 9),
(38, 38, 2),
(39, 39, 2),
(40, 40, 8),
(41, 41, 5),
(42, 42, 4),
(43, 43, 3),
(44, 44, 7),
(45, 45, 9),
(46, 46, 5),
(47, 47, 3),
(48, 48, 3),
(49, 49, 1),
(50, 50, 3),
(51, 51, 6),
(52, 52, 9),
(53, 53, 1),
(54, 54, 6),
(55, 55, 2),
(56, 56, 1),
(57, 57, 5),
(58, 58, 8),
(59, 59, 6),
(60, 60, 1),
(61, 61, 1),
(62, 62, 5),
(63, 63, 9),
(64, 64, 6),
(65, 65, 6),
(66, 66, 8),
(67, 67, 9),
(68, 68, 9),
(69, 69, 6),
(70, 70, 8),
(71, 71, 8),
(72, 72, 9),
(73, 73, 8),
(74, 74, 1),
(75, 75, 4),
(76, 76, 7),
(77, 77, 2),
(78, 78, 4),
(79, 79, 8),
(80, 80, 3),
(81, 81, 6),
(82, 82, 2),
(83, 83, 6),
(84, 84, 8),
(85, 85, 8),
(86, 86, 3),
(87, 87, 9),
(88, 88, 1),
(89, 89, 3),
(90, 90, 2),
(91, 91, 5),
(92, 92, 2),
(93, 93, 6),
(94, 94, 3),
(95, 95, 5),
(96, 96, 6),
(97, 97, 3),
(98, 98, 9),
(99, 99, 1),
(100, 100, 9),
(218, 1, 5),
(229, 2, 4),
(90, 3, 6),
(166, 4, 6),
(100, 5, 4),
(45, 6, 7),
(65, 7, 8),
(298, 8, 2),
(216, 9, 8),
(277, 10, 2),
(147, 11, 4),
(230, 12, 6),
(180, 13, 9),
(244, 14, 5),
(213, 15, 4),
(70, 16, 7),
(332, 17, 6),
(44, 18, 5),
(90, 19, 1),
(135, 20, 3),
(148, 21, 6),
(12, 22, 9),
(230, 23, 4),
(151, 24, 7),
(79, 25, 1),
(326, 26, 9),
(197, 27, 3),
(133, 28, 2),
(152, 29, 5),
(261, 30, 3),
(62, 31, 8),
(76, 32, 7),
(32, 33, 8),
(71, 34, 1),
(236, 35, 8),
(141, 36, 8),
(278, 37, 7),
(157, 38, 9),
(96, 39, 5),
(345, 40, 6),
(21, 41, 4),
(311, 42, 5),
(291, 43, 3),
(227, 44, 4),
(143, 45, 9),
(70, 46, 4),
(200, 47, 1),
(256, 48, 6),
(225, 49, 5),
(244, 50, 5),
(165, 51, 7),
(86, 52, 8),
(150, 53, 8),
(146, 54, 3),
(228, 55, 5),
(170, 56, 2),
(317, 57, 1),
(74, 58, 4),
(97, 59, 9),
(155, 60, 6),
(124, 61, 2),
(103, 62, 4),
(337, 63, 3),
(77, 64, 5),
(21, 65, 6),
(243, 66, 2),
(335, 67, 3),
(311, 68, 6),
(163, 69, 3),
(40, 70, 5),
(259, 71, 9),
(146, 72, 4),
(239, 73, 9),
(114, 74, 2),
(78, 75, 6),
(78, 76, 7),
(306, 77, 8),
(343, 78, 3),
(141, 79, 1),
(264, 80, 9),
(271, 81, 4),
(134, 82, 9),
(327, 83, 4),
(120, 84, 5),
(48, 85, 1),
(246, 86, 8),
(192, 87, 9),
(86, 88, 3),
(288, 89, 7),
(132, 90, 2),
(117, 91, 3),
(283, 92, 3),
(230, 93, 2),
(229, 94, 1),
(255, 95, 5),
(13, 96, 7),
(297, 97, 3),
(342, 98, 1),
(285, 99, 4),
(127, 100, 9),
(163, 101, 6),
(60, 102, 1),
(32, 103, 7),
(333, 104, 2),
(347, 105, 8),
(126, 106, 5),
(282, 107, 6),
(143, 108, 3),
(84, 109, 8),
(203, 110, 5),
(73, 111, 8),
(278, 112, 6),
(213, 113, 9),
(339, 114, 6),
(179, 115, 5),
(220, 116, 2),
(102, 117, 7),
(226, 118, 4),
(239, 119, 2),
(81, 120, 7),
(172, 121, 4),
(105, 122, 4),
(116, 123, 6),
(230, 124, 9),
(9, 125, 7),
(249, 126, 9),
(94, 127, 9),
(280, 128, 2),
(258, 129, 6),
(275, 130, 5),
(267, 131, 6),
(235, 132, 4),
(292, 133, 1),
(306, 134, 1),
(28, 135, 2),
(181, 136, 6),
(64, 137, 3),
(173, 138, 9),
(74, 139, 9),
(47, 140, 8),
(75, 141, 4),
(210, 142, 2),
(199, 143, 2),
(164, 144, 7),
(285, 145, 5),
(348, 146, 8),
(11, 147, 4),
(291, 148, 3),
(131, 149, 3),
(233, 150, 5),
(115, 151, 5),
(228, 152, 6),
(172, 153, 6),
(166, 154, 3),
(135, 155, 7),
(51, 156, 2),
(309, 157, 2),
(4, 158, 8),
(322, 159, 6),
(18, 160, 5),
(58, 161, 8),
(128, 162, 4),
(318, 163, 2),
(108, 164, 9),
(152, 165, 5),
(132, 166, 7),
(26, 167, 2),
(158, 168, 9),
(133, 169, 6),
(106, 170, 7),
(60, 171, 7),
(258, 172, 9),
(35, 173, 2),
(245, 174, 7),
(68, 175, 1),
(341, 176, 3),
(161, 177, 6),
(105, 178, 8),
(331, 179, 1),
(70, 180, 5),
(294, 181, 7),
(201, 182, 3),
(201, 183, 4),
(276, 184, 9),
(20, 185, 2),
(279, 186, 3),
(100, 187, 1),
(197, 188, 2),
(339, 189, 4),
(266, 190, 8),
(147, 191, 2),
(21, 192, 7),
(103, 193, 4),
(215, 194, 1),
(47, 195, 2),
(67, 196, 7),
(71, 197, 4),
(129, 198, 5),
(235, 199, 4),
(328, 200, 8),
(314, 187, 4),
(5, 183, 4),
(72, 13, 5),
(275, 150, 6),
(13, 176, 7),
(335, 81, 7),
(324, 47, 1),
(118, 115, 4),
(260, 50, 3),
(86, 194, 8),
(202, 39, 4),
(321, 174, 1),
(131, 67, 7),
(80, 26, 2),
(41, 7, 1),
(194, 83, 8),
(303, 166, 8),
(304, 39, 9),
(59, 114, 3),
(188, 147, 2),
(104, 113, 8),
(126, 61, 6),
(339, 87, 2),
(191, 98, 2),
(298, 50, 3),
(138, 29, 3),
(167, 198, 2),
(280, 30, 5),
(194, 18, 7),
(310, 11, 2);

-- CREAZIONE VIEW E QUERY --

-- 1 Visualizzare la partita IVA delle aziende che hanno incassato più di 7500€ in ordine decrescente --
drop view if exists quantità_prodotti;
create view quantità_prodotti as
select ord.Quantità*p.Prezzo as totale_prodotto, p.Azienda
from Ordinato ord join Prodotto p on ord.Prodotto = p.ID;

select Azienda, sum(totale_prodotto) AS totale_guadagni
from quantità_prodotti
group by Azienda
having sum(totale_prodotto) > 7500
order by totale_guadagni desc;

-- 2 I 5 prodotti più venduti in assoluto mostrandone la categoria e l'azienda --
DROP view IF EXISTS num_ord_prod;
CREATE view num_ord_prod AS
    SELECT Prodotto, SUM(Quantità) as Quantità
    FROM Ordinato
    GROUP BY Prodotto;

SELECT p.ID, p.nome, nop.Quantità , p.Categoria, a.nome
FROM (Prodotto p JOIN num_ord_prod nop ON p.ID = nop.Prodotto)
      JOIN Azienda a ON p.Azienda = a.Partita_IVA
ORDER BY nop.Quantità desc limit 5;

-- 3 I 25 corrieri che hanno effettuato più consegne --
DROP view IF EXISTS num_ord_cor;
CREATE view num_ord_cor AS
    SELECT Corriere, COUNT(*) as num_ord
    FROM Ordine
    GROUP BY Corriere;

SELECT c.codice_fiscale, c.Nome, c.Cognome, noc.num_ord
FROM Corriere c JOIN num_ord_cor noc ON c.codice_fiscale = noc.Corriere
ORDER BY noc.num_ord desc limit 25;

-- 4 Visualizzare la mail degli utenti che hanno comprato almeno un prodotto limited edition --
DROP view IF EXISTS ordini_lim;
CREATE view ordini_lim AS
    SELECT p.Id as cod_prodotto, p.nome, o.id as cod_ordine, o.utente 
    FROM (Ordinato x JOIN Prodotto p ON x.Prodotto = p.Id)
          JOIN Ordine o ON x.Ordine = o.id
    WHERE p.limited = TRUE; 

DROP view IF EXISTS tot_ordinilim_utente;
CREATE view tot_ordinilim_utente AS
    SELECT u.id, COUNT(*) as num_ordini_limited
    FROM Utente u JOIN ordini_lim os ON u.id = os.Utente
    GROUP BY u.id;

SELECT u.nome, u.cognome, u.mail, tou.num_ordini_limited
FROM Utente u JOIN tot_ordinilim_utente tou ON u.id = tou.id
ORDER BY tou.num_ordini_limited DESC;

--5 Recensioni positive (> 3) di ordini consegnati dopo le 12:00 del 17 Agosto 2023 --
    SELECT r.Prodotto, r.Voto, r.Testo, o.DataOraEffettiva
    FROM Ordine o JOIN Recensione r ON o.ID = r.Ordine
    WHERE o.DataOraEffettiva > '2023-08-17 12:00:00' and r.Voto > 3;


create index Prodotti_recensioni on Recensione (Prodotto, Voto);